brandname,dateoftransaction,count
Air New Zealand,2020-06-10,6
Champion,2020-06-10,64
Chewy,2020-06-10,104
Fatburger,2020-06-10,40
Janie And Jack,2020-06-10,34
Air New Zealand,2020-06-11,2
Champion,2020-06-11,154
Chewy,2020-06-11,25
Fatburger,2020-06-11,104
Janie And Jack,2020-06-11,90
Air New Zealand,2020-06-12,11
Chewy,2020-06-12,48
Fatburger,2020-06-12,38
Janie And Jack,2020-06-12,48
Champion,2020-06-12,80
Air New Zealand,2020-06-13,3
Century Theatres,2020-06-13,1
Champion,2020-06-13,64
Chewy,2020-06-13,10
Fatburger,2020-06-13,18
Janie And Jack,2020-06-13,36
Chewy,2020-06-14,11
Champion,2020-06-14,50
Fatburger,2020-06-14,8
Janie And Jack,2020-06-14,42
Air New Zealand,2020-06-15,2
Champion,2020-06-15,42
Chewy,2020-06-15,3
Fatburger,2020-06-15,10
Janie And Jack,2020-06-15,32
Air New Zealand,2020-06-16,1
Champion,2020-06-16,47
Chewy,2020-06-16,94
Fatburger,2020-06-16,29
Janie And Jack,2020-06-16,20
Air New Zealand,2020-06-17,2
Century Theatres,2020-06-17,2
Champion,2020-06-17,25
Chewy,2020-06-17,12
Fatburger,2020-06-17,22
Janie And Jack,2020-06-17,32
Air New Zealand,2020-06-18,2
Champion,2020-06-18,94
Chewy,2020-06-18,48
Fatburger,2020-06-18,34
Janie And Jack,2020-06-18,65
Air New Zealand,2020-06-19,11
Champion,2020-06-19,96
Chewy,2020-06-19,64
Fatburger,2020-06-19,31
Janie And Jack,2020-06-19,73
Air New Zealand,2020-06-20,1
Century Theatres,2020-06-20,2
Champion,2020-06-20,95
Chewy,2020-06-20,21
Fatburger,2020-06-20,21
Janie And Jack,2020-06-20,52
Air New Zealand,2020-06-21,1
Champion,2020-06-21,51
Chewy,2020-06-21,20
Fatburger,2020-06-21,25
Janie And Jack,2020-06-21,41
Air New Zealand,2020-06-22,2
Century Theatres,2020-06-22,1
Chewy,2020-06-22,12
Fatburger,2020-06-22,23
Champion,2020-06-22,53
Janie And Jack,2020-06-22,40
Champion,2020-06-23,20
Chewy,2020-06-23,13
Fatburger,2020-06-23,12
Janie And Jack,2020-06-23,17
Air New Zealand,2020-06-24,4
Champion,2020-06-24,58
Chewy,2020-06-24,75
Fatburger,2020-06-24,31
Janie And Jack,2020-06-24,25
Air New Zealand,2020-06-25,1
Champion,2020-06-25,77
Chewy,2020-06-25,61
Janie And Jack,2020-06-25,67
Fatburger,2020-06-25,36
Air New Zealand,2020-06-26,1
Champion,2020-06-26,66
Chewy,2020-06-26,14
Fatburger,2020-06-26,9
Janie And Jack,2020-06-26,43
Air New Zealand,2020-06-27,2
Champion,2020-06-27,113
Chewy,2020-06-27,50
Fatburger,2020-06-27,34
Janie And Jack,2020-06-27,73
Air New Zealand,2020-06-28,1
Champion,2020-06-28,62
Chewy,2020-06-28,9
Fatburger,2020-06-28,24
Janie And Jack,2020-06-28,42
Air New Zealand,2020-06-29,3
Champion,2020-06-29,74
Chewy,2020-06-29,64
Fatburger,2020-06-29,47
Janie And Jack,2020-06-29,59
Champion,2020-06-30,11
Chewy,2020-06-30,1
Fatburger,2020-06-30,21
Janie And Jack,2020-06-30,7
Air New Zealand,2020-07-01,1
Champion,2020-07-01,26
Chewy,2020-07-01,18
Fatburger,2020-07-01,15
Janie And Jack,2020-07-01,29
Air New Zealand,2020-07-02,1
Champion,2020-07-02,112
Chewy,2020-07-02,23
Fatburger,2020-07-02,48
Janie And Jack,2020-07-02,76
Air New Zealand,2020-07-03,1
Century Theatres,2020-07-03,2
Champion,2020-07-03,64
Chewy,2020-07-03,74
Fatburger,2020-07-03,36
Janie And Jack,2020-07-03,79
Champion,2020-07-04,53
Chewy,2020-07-04,3
Fatburger,2020-07-04,21
Air New Zealand,2020-07-04,1
Janie And Jack,2020-07-04,35
Champion,2020-07-05,31
Chewy,2020-07-05,4
Fatburger,2020-07-05,11
Janie And Jack,2020-07-05,16
Air New Zealand,2020-07-06,2
Champion,2020-07-06,40
Chewy,2020-07-06,53
Fatburger,2020-07-06,32
Janie And Jack,2020-07-06,28
Air New Zealand,2020-07-07,1
Chewy,2020-07-07,11
Fatburger,2020-07-07,8
Champion,2020-07-07,12
Janie And Jack,2020-07-07,21
Air New Zealand,2020-07-08,1
Chewy,2020-07-08,32
Champion,2020-07-08,30
Fatburger,2020-07-08,10
Janie And Jack,2020-07-08,16
Air New Zealand,2020-07-09,3
Champion,2020-07-09,128
Chewy,2020-07-09,58
Fatburger,2020-07-09,63
Janie And Jack,2020-07-09,82
Air New Zealand,2020-07-10,1
Champion,2020-07-10,31
Chewy,2020-07-10,15
Fatburger,2020-07-10,10
Janie And Jack,2020-07-10,19
Air New Zealand,2020-07-11,7
Champion,2020-07-11,118
Chewy,2020-07-11,55
Fatburger,2020-07-11,25
Janie And Jack,2020-07-11,81
Air New Zealand,2020-07-12,2
Champion,2020-07-12,44
Chewy,2020-07-12,11
Fatburger,2020-07-12,14
Janie And Jack,2020-07-12,29
Air New Zealand,2020-07-13,1
Chewy,2020-07-13,1
Champion,2020-07-13,29
Fatburger,2020-07-13,7
Janie And Jack,2020-07-13,18
Air New Zealand,2020-07-14,1
Champion,2020-07-14,30
Chewy,2020-07-14,44
Fatburger,2020-07-14,30
Janie And Jack,2020-07-14,34
Air New Zealand,2020-07-15,2
Champion,2020-07-15,57
Chewy,2020-07-15,32
Fatburger,2020-07-15,20
Janie And Jack,2020-07-15,48
Air New Zealand,2020-07-16,1
Champion,2020-07-16,130
Chewy,2020-07-16,52
Fatburger,2020-07-16,73
Janie And Jack,2020-07-16,121
Air New Zealand,2020-07-17,2
Champion,2020-07-17,52
Chewy,2020-07-17,13
Fatburger,2020-07-17,23
Janie And Jack,2020-07-17,57
Air New Zealand,2020-07-18,5
Champion,2020-07-18,74
Chewy,2020-07-18,40
Fatburger,2020-07-18,13
Janie And Jack,2020-07-18,61
Air New Zealand,2020-07-19,1
Champion,2020-07-19,45
Chewy,2020-07-19,15
Fatburger,2020-07-19,10
Janie And Jack,2020-07-19,43
Air New Zealand,2020-07-20,3
Champion,2020-07-20,62
Chewy,2020-07-20,66
Fatburger,2020-07-20,93
Janie And Jack,2020-07-20,71
Champion,2020-07-21,8
Fatburger,2020-07-21,2
Janie And Jack,2020-07-21,2
Air New Zealand,2020-07-22,2
Champion,2020-07-22,34
Chewy,2020-07-22,8
Fatburger,2020-07-22,18
Janie And Jack,2020-07-22,26
Air New Zealand,2020-07-23,2
Century Theatres,2020-07-23,1
Champion,2020-07-23,83
Chewy,2020-07-23,29
Fatburger,2020-07-23,69
Janie And Jack,2020-07-23,87
Air New Zealand,2020-07-24,5
Champion,2020-07-24,93
Chewy,2020-07-24,80
Fatburger,2020-07-24,55
Janie And Jack,2020-07-24,55
Air New Zealand,2020-07-25,1
Champion,2020-07-25,63
Chewy,2020-07-25,13
Fatburger,2020-07-25,2
Janie And Jack,2020-07-25,39
Champion,2020-07-26,39
Chewy,2020-07-26,13
Fatburger,2020-07-26,12
Janie And Jack,2020-07-26,20
Champion,2020-07-27,25
Fatburger,2020-07-27,2
Janie And Jack,2020-07-27,15
Air New Zealand,2020-07-28,2
Champion,2020-07-28,34
Chewy,2020-07-28,64
Fatburger,2020-07-28,47
Janie And Jack,2020-07-28,22
Champion,2020-07-29,44
Chewy,2020-07-29,21
Fatburger,2020-07-29,26
Janie And Jack,2020-07-29,38
Air New Zealand,2020-07-30,2
Champion,2020-07-30,139
Chewy,2020-07-30,20
Fatburger,2020-07-30,44
Janie And Jack,2020-07-30,85
Air New Zealand,2020-07-31,2
Champion,2020-07-31,93
Chewy,2020-07-31,25
Fatburger,2020-07-31,38
Janie And Jack,2020-07-31,57
Champion,2020-08-01,69
Chewy,2020-08-01,15
Fatburger,2020-08-01,32
Janie And Jack,2020-08-01,40
Air New Zealand,2020-08-02,1
Champion,2020-08-02,49
Chewy,2020-08-02,14
Fatburger,2020-08-02,28
Janie And Jack,2020-08-02,39
Air New Zealand,2020-08-03,1
Champion,2020-08-03,40
Chewy,2020-08-03,8
Fatburger,2020-08-03,38
Janie And Jack,2020-08-03,33
Air New Zealand,2020-08-04,3
Champion,2020-08-04,62
Chewy,2020-08-04,91
Fatburger,2020-08-04,73
Janie And Jack,2020-08-04,28
Champion,2020-08-05,18
Chewy,2020-08-05,20
Fatburger,2020-08-05,8
Janie And Jack,2020-08-05,13
Champion,2020-08-06,34
Chewy,2020-08-06,44
Fatburger,2020-08-06,67
Janie And Jack,2020-08-06,40
Century Theatres,2020-08-07,1
Champion,2020-08-07,120
Chewy,2020-08-07,71
Fatburger,2020-08-07,35
Janie And Jack,2020-08-07,89
Champion,2020-08-08,68
Chewy,2020-08-08,21
Fatburger,2020-08-08,38
Janie And Jack,2020-08-08,58
Air New Zealand,2020-08-09,1
Champion,2020-08-09,74
Chewy,2020-08-09,11
Fatburger,2020-08-09,10
Janie And Jack,2020-08-09,47
Air New Zealand,2020-08-10,4
Champion,2020-08-10,86
Chewy,2020-08-10,41
Fatburger,2020-08-10,18
Janie And Jack,2020-08-10,60
Century Theatres,2020-08-11,1
Champion,2020-08-11,6
Chewy,2020-08-11,3
Fatburger,2020-08-11,4
Janie And Jack,2020-08-11,13
Champion,2020-08-12,20
Chewy,2020-08-12,22
Fatburger,2020-08-12,24
Janie And Jack,2020-08-12,31
Champion,2020-08-13,64
Chewy,2020-08-13,39
Fatburger,2020-08-13,43
Janie And Jack,2020-08-13,54
Air New Zealand,2020-08-14,2
Champion,2020-08-14,99
Chewy,2020-08-14,25
Fatburger,2020-08-14,25
Janie And Jack,2020-08-14,79
Air New Zealand,2020-08-15,2
Champion,2020-08-15,57
Chewy,2020-08-15,9
Fatburger,2020-08-15,41
Janie And Jack,2020-08-15,29
Air New Zealand,2020-08-16,1
Champion,2020-08-16,50
Chewy,2020-08-16,12
Fatburger,2020-08-16,34
Janie And Jack,2020-08-16,31
Champion,2020-08-17,62
Air New Zealand,2020-08-17,15
Chewy,2020-08-17,94
Fatburger,2020-08-17,85
Janie And Jack,2020-08-17,57
Champion,2020-08-18,16
Chewy,2020-08-18,2
Fatburger,2020-08-18,33
Janie And Jack,2020-08-18,7
Air New Zealand,2020-08-19,1
Champion,2020-08-19,45
Chewy,2020-08-19,37
Janie And Jack,2020-08-19,41
Fatburger,2020-08-19,23
Air New Zealand,2020-08-20,2
Century Theatres,2020-08-20,2
Champion,2020-08-20,92
Chewy,2020-08-20,23
Fatburger,2020-08-20,91
Janie And Jack,2020-08-20,37
Air New Zealand,2020-08-21,2
Century Theatres,2020-08-21,2
Champion,2020-08-21,75
Chewy,2020-08-21,59
Fatburger,2020-08-21,49
Janie And Jack,2020-08-21,55
Air New Zealand,2020-08-22,2
Champion,2020-08-22,73
Chewy,2020-08-22,38
Fatburger,2020-08-22,19
Janie And Jack,2020-08-22,50
Air New Zealand,2020-08-23,1
Champion,2020-08-23,37
Chewy,2020-08-23,5
Fatburger,2020-08-23,6
Janie And Jack,2020-08-23,27
Air New Zealand,2020-08-24,1
Champion,2020-08-24,67
Fatburger,2020-08-24,34
Janie And Jack,2020-08-24,32
Chewy,2020-08-24,14
Air New Zealand,2020-08-25,1
Century Theatres,2020-08-25,5
Champion,2020-08-25,62
Chewy,2020-08-25,80
Fatburger,2020-08-25,84
Janie And Jack,2020-08-25,36
Champion,2020-08-26,51
Chewy,2020-08-26,32
Fatburger,2020-08-26,32
Janie And Jack,2020-08-26,42
Century Theatres,2020-08-26,2
Air New Zealand,2020-08-27,2
Century Theatres,2020-08-27,4
Champion,2020-08-27,148
Fatburger,2020-08-27,76
Janie And Jack,2020-08-27,95
Chewy,2020-08-27,23
Air New Zealand,2020-08-28,1
Champion,2020-08-28,71
Chewy,2020-08-28,41
Fatburger,2020-08-28,48
Janie And Jack,2020-08-28,85
Champion,2020-08-29,50
Chewy,2020-08-29,16
Fatburger,2020-08-29,47
Janie And Jack,2020-08-29,43
Air New Zealand,2020-08-30,2
Champion,2020-08-30,47
Chewy,2020-08-30,8
Fatburger,2020-08-30,14
Janie And Jack,2020-08-30,25
Century Theatres,2020-08-31,1
Champion,2020-08-31,88
Chewy,2020-08-31,21
Fatburger,2020-08-31,98
Janie And Jack,2020-08-31,61
Air New Zealand,2020-09-01,3
Champion,2020-09-01,34
Chewy,2020-09-01,22
Fatburger,2020-09-01,48
Janie And Jack,2020-09-01,27
Champion,2020-09-02,39
Chewy,2020-09-02,15
Fatburger,2020-09-02,69
Janie And Jack,2020-09-02,28
Century Theatres,2020-09-03,3
Champion,2020-09-03,93
Chewy,2020-09-03,59
Fatburger,2020-09-03,155
Janie And Jack,2020-09-03,63
Century Theatres,2020-09-04,5
Champion,2020-09-04,59
Chewy,2020-09-04,21
Fatburger,2020-09-04,41
Janie And Jack,2020-09-04,67
Air New Zealand,2020-09-05,1
Century Theatres,2020-09-05,14
Champion,2020-09-05,143
Chewy,2020-09-05,48
Fatburger,2020-09-05,89
Janie And Jack,2020-09-05,216
Century Theatres,2020-09-06,5
Air New Zealand,2020-09-06,2
Champion,2020-09-06,68
Chewy,2020-09-06,15
Fatburger,2020-09-06,22
Janie And Jack,2020-09-06,51
Century Theatres,2020-09-07,5
Champion,2020-09-07,67
Chewy,2020-09-07,14
Air New Zealand,2020-09-07,1
Fatburger,2020-09-07,75
Janie And Jack,2020-09-07,52
Champion,2020-09-08,9
Chewy,2020-09-08,5
Fatburger,2020-09-08,14
Janie And Jack,2020-09-08,2
Air New Zealand,2020-09-09,3
Century Theatres,2020-09-09,2
Champion,2020-09-09,70
Chewy,2020-09-09,96
Fatburger,2020-09-09,140
Janie And Jack,2020-09-09,82
Air New Zealand,2020-09-10,2
Century Theatres,2020-09-10,4
Champion,2020-09-10,54
Chewy,2020-09-10,59
Fatburger,2020-09-10,69
Janie And Jack,2020-09-10,45
Century Theatres,2020-09-11,25
Champion,2020-09-11,103
Chewy,2020-09-11,52
Fatburger,2020-09-11,143
Janie And Jack,2020-09-11,88
Air New Zealand,2020-09-12,1
Century Theatres,2020-09-12,7
Champion,2020-09-12,68
Chewy,2020-09-12,34
Fatburger,2020-09-12,75
Janie And Jack,2020-09-12,72
Air New Zealand,2020-09-13,3
Champion,2020-09-13,72
Chewy,2020-09-13,15
Fatburger,2020-09-13,49
Janie And Jack,2020-09-13,31
Century Theatres,2020-09-13,2
Century Theatres,2020-09-14,1
Champion,2020-09-14,36
Chewy,2020-09-14,7
Fatburger,2020-09-14,19
Janie And Jack,2020-09-14,23
Air New Zealand,2020-09-15,3
Century Theatres,2020-09-15,5
Champion,2020-09-15,48
Chewy,2020-09-15,70
Fatburger,2020-09-15,51
Janie And Jack,2020-09-15,34
Century Theatres,2020-09-16,2
Champion,2020-09-16,109
Chewy,2020-09-16,34
Fatburger,2020-09-16,177
Janie And Jack,2020-09-16,78
Air New Zealand,2020-09-17,2
Century Theatres,2020-09-17,17
Champion,2020-09-17,133
Fatburger,2020-09-17,209
Chewy,2020-09-17,39
Janie And Jack,2020-09-17,108
Air New Zealand,2020-09-18,1
Champion,2020-09-18,61
Chewy,2020-09-18,23
Fatburger,2020-09-18,59
Century Theatres,2020-09-18,6
Janie And Jack,2020-09-18,39
Century Theatres,2020-09-19,3
Champion,2020-09-19,46
Chewy,2020-09-19,39
Fatburger,2020-09-19,46
Janie And Jack,2020-09-19,70
Air New Zealand,2020-09-20,1
Century Theatres,2020-09-20,2
Champion,2020-09-20,33
Chewy,2020-09-20,12
Fatburger,2020-09-20,25
Janie And Jack,2020-09-20,59
Air New Zealand,2020-09-21,1
Century Theatres,2020-09-21,2
Champion,2020-09-21,48
Chewy,2020-09-21,20
Fatburger,2020-09-21,21
Janie And Jack,2020-09-21,60
Century Theatres,2020-09-22,5
Champion,2020-09-22,20
Chewy,2020-09-22,37
Fatburger,2020-09-22,66
Janie And Jack,2020-09-22,33
Air New Zealand,2020-09-23,1
Century Theatres,2020-09-23,2
Champion,2020-09-23,49
Chewy,2020-09-23,17
Fatburger,2020-09-23,51
Janie And Jack,2020-09-23,55
Air New Zealand,2020-09-24,1
Century Theatres,2020-09-24,6
Champion,2020-09-24,81
Chewy,2020-09-24,35
Fatburger,2020-09-24,119
Janie And Jack,2020-09-24,56
Air New Zealand,2020-09-25,1
Century Theatres,2020-09-25,3
Champion,2020-09-25,76
Chewy,2020-09-25,28
Fatburger,2020-09-25,52
Janie And Jack,2020-09-25,68
Air New Zealand,2020-09-26,1
Century Theatres,2020-09-26,9
Chewy,2020-09-26,14
Fatburger,2020-09-26,75
Champion,2020-09-26,72
Janie And Jack,2020-09-26,72
Air New Zealand,2020-09-27,10
Century Theatres,2020-09-27,2
Champion,2020-09-27,37
Chewy,2020-09-27,6
Fatburger,2020-09-27,29
Janie And Jack,2020-09-27,32
Air New Zealand,2020-09-28,1
Century Theatres,2020-09-28,5
Chewy,2020-09-28,5
Fatburger,2020-09-28,49
Janie And Jack,2020-09-28,98
Champion,2020-09-28,76
Century Theatres,2020-09-29,2
Champion,2020-09-29,36
Chewy,2020-09-29,59
Fatburger,2020-09-29,79
Janie And Jack,2020-09-29,30
Air New Zealand,2020-09-30,1
Century Theatres,2020-09-30,6
Champion,2020-09-30,41
Chewy,2020-09-30,57
Fatburger,2020-09-30,95
Janie And Jack,2020-09-30,50
Air New Zealand,2020-10-01,3
Century Theatres,2020-10-01,28
Champion,2020-10-01,134
Chewy,2020-10-01,42
Fatburger,2020-10-01,188
Janie And Jack,2020-10-01,147
Air New Zealand,2020-10-02,3
Century Theatres,2020-10-02,4
Champion,2020-10-02,72
Chewy,2020-10-02,32
Fatburger,2020-10-02,28
Janie And Jack,2020-10-02,51
Air New Zealand,2020-10-03,2
Century Theatres,2020-10-03,1
Champion,2020-10-03,40
Chewy,2020-10-03,16
Fatburger,2020-10-03,42
Janie And Jack,2020-10-03,60
Century Theatres,2020-10-04,7
Champion,2020-10-04,51
Chewy,2020-10-04,8
Fatburger,2020-10-04,58
Janie And Jack,2020-10-04,55
Century Theatres,2020-10-05,9
Champion,2020-10-05,32
Chewy,2020-10-05,39
Fatburger,2020-10-05,31
Janie And Jack,2020-10-05,27
Century Theatres,2020-10-06,4
Champion,2020-10-06,18
Chewy,2020-10-06,24
Fatburger,2020-10-06,33
Janie And Jack,2020-10-06,21
Century Theatres,2020-10-07,6
Champion,2020-10-07,34
Chewy,2020-10-07,11
Fatburger,2020-10-07,36
Janie And Jack,2020-10-07,31
Century Theatres,2020-10-08,15
Champion,2020-10-08,96
Chewy,2020-10-08,41
Fatburger,2020-10-08,95
Janie And Jack,2020-10-08,81
Air New Zealand,2020-10-09,3
Century Theatres,2020-10-09,8
Champion,2020-10-09,79
Chewy,2020-10-09,43
Fatburger,2020-10-09,49
Janie And Jack,2020-10-09,64
Air New Zealand,2020-10-10,3
Century Theatres,2020-10-10,7
Champion,2020-10-10,139
Chewy,2020-10-10,48
Fatburger,2020-10-10,98
Janie And Jack,2020-10-10,94
Air New Zealand,2020-10-11,4
Century Theatres,2020-10-11,1
Champion,2020-10-11,60
Chewy,2020-10-11,14
Fatburger,2020-10-11,31
Janie And Jack,2020-10-11,41
Champion,2020-10-12,16
Chewy,2020-10-12,2
Fatburger,2020-10-12,6
Janie And Jack,2020-10-12,7
Air New Zealand,2020-10-13,2
Century Theatres,2020-10-13,7
Champion,2020-10-13,69
Chewy,2020-10-13,69
Fatburger,2020-10-13,58
Janie And Jack,2020-10-13,45
Air New Zealand,2020-10-14,1
Century Theatres,2020-10-14,3
Champion,2020-10-14,31
Chewy,2020-10-14,27
Fatburger,2020-10-14,56
Janie And Jack,2020-10-14,41
Air New Zealand,2020-10-15,3
Century Theatres,2020-10-15,2
Champion,2020-10-15,23
Chewy,2020-10-15,26
Fatburger,2020-10-15,26
Janie And Jack,2020-10-15,24
Air New Zealand,2020-10-16,1
Century Theatres,2020-10-16,23
Champion,2020-10-16,137
Chewy,2020-10-16,35
Fatburger,2020-10-16,114
Janie And Jack,2020-10-16,95
Air New Zealand,2020-10-17,1
Century Theatres,2020-10-17,5
Champion,2020-10-17,37
Chewy,2020-10-17,7
Fatburger,2020-10-17,37
Janie And Jack,2020-10-17,48
Century Theatres,2020-10-18,1
Champion,2020-10-18,32
Chewy,2020-10-18,24
Fatburger,2020-10-18,19
Janie And Jack,2020-10-18,14
Air New Zealand,2020-10-19,1
Century Theatres,2020-10-19,3
Champion,2020-10-19,61
Chewy,2020-10-19,58
Fatburger,2020-10-19,61
Janie And Jack,2020-10-19,59
Century Theatres,2020-10-20,2
Champion,2020-10-20,35
Chewy,2020-10-20,15
Fatburger,2020-10-20,50
Janie And Jack,2020-10-20,18
Air New Zealand,2020-10-21,2
Century Theatres,2020-10-21,4
Champion,2020-10-21,64
Chewy,2020-10-21,25
Fatburger,2020-10-21,46
Janie And Jack,2020-10-21,67
Century Theatres,2020-10-22,28
Champion,2020-10-22,75
Chewy,2020-10-22,70
Fatburger,2020-10-22,81
Janie And Jack,2020-10-22,72
Century Theatres,2020-10-23,4
Champion,2020-10-23,52
Chewy,2020-10-23,26
Fatburger,2020-10-23,51
Janie And Jack,2020-10-23,34
Air New Zealand,2020-10-24,1
Century Theatres,2020-10-24,15
Champion,2020-10-24,72
Chewy,2020-10-24,31
Fatburger,2020-10-24,62
Janie And Jack,2020-10-24,75
Century Theatres,2020-10-25,4
Champion,2020-10-25,58
Chewy,2020-10-25,19
Fatburger,2020-10-25,102
Janie And Jack,2020-10-25,42
Century Theatres,2020-10-26,2
Champion,2020-10-26,56
Chewy,2020-10-26,15
Fatburger,2020-10-26,35
Janie And Jack,2020-10-26,39
Century Theatres,2020-10-27,3
Champion,2020-10-27,64
Chewy,2020-10-27,25
Fatburger,2020-10-27,36
Janie And Jack,2020-10-27,33
Air New Zealand,2020-10-28,2
Century Theatres,2020-10-28,3
Champion,2020-10-28,58
Chewy,2020-10-28,31
Fatburger,2020-10-28,73
Janie And Jack,2020-10-28,49
Century Theatres,2020-10-29,5
Champion,2020-10-29,105
Chewy,2020-10-29,27
Air New Zealand,2020-10-29,1
Fatburger,2020-10-29,72
Janie And Jack,2020-10-29,65
Century Theatres,2020-10-30,6
Champion,2020-10-30,59
Chewy,2020-10-30,34
Fatburger,2020-10-30,90
Janie And Jack,2020-10-30,55
Air New Zealand,2020-10-31,304
Champion,2020-10-31,157
Chewy,2020-10-31,59
Fatburger,2020-10-31,404
Janie And Jack,2020-10-31,280
Century Theatres,2020-10-31,378
Century Theatres,2020-11-01,2
Champion,2020-11-01,40
Chewy,2020-11-01,11
Fatburger,2020-11-01,33
Janie And Jack,2020-11-01,34
Air New Zealand,2020-11-02,2
Century Theatres,2020-11-02,4
Champion,2020-11-02,65
Fatburger,2020-11-02,38
Janie And Jack,2020-11-02,46
Chewy,2020-11-02,42
Air New Zealand,2020-11-03,221
Century Theatres,2020-11-03,479
Champion,2020-11-03,147
Chewy,2020-11-03,55
Fatburger,2020-11-03,534
Janie And Jack,2020-11-03,306
Air New Zealand,2020-11-04,58
Century Theatres,2020-11-04,88
Chewy,2020-11-04,46
Fatburger,2020-11-04,198
Janie And Jack,2020-11-04,203
Champion,2020-11-04,182
Air New Zealand,2020-11-05,16
Century Theatres,2020-11-05,41
Champion,2020-11-05,153
Chewy,2020-11-05,19
Fatburger,2020-11-05,134
Janie And Jack,2020-11-05,127
Air New Zealand,2020-11-06,208
Century Theatres,2020-11-06,101
Champion,2020-11-06,161
Chewy,2020-11-06,89
Fatburger,2020-11-06,203
Janie And Jack,2020-11-06,136
Air New Zealand,2020-11-07,21
Century Theatres,2020-11-07,6
Champion,2020-11-07,186
Chewy,2020-11-07,52
Fatburger,2020-11-07,145
Janie And Jack,2020-11-07,155
Air New Zealand,2020-11-08,1
Century Theatres,2020-11-08,3
Chewy,2020-11-08,19
Champion,2020-11-08,56
Fatburger,2020-11-08,40
Janie And Jack,2020-11-08,21
Air New Zealand,2020-11-09,1
Champion,2020-11-09,59
Chewy,2020-11-09,4
Fatburger,2020-11-09,27
Janie And Jack,2020-11-09,32
Century Theatres,2020-11-10,2
Champion,2020-11-10,25
Chewy,2020-11-10,84
Fatburger,2020-11-10,44
Janie And Jack,2020-11-10,38
Air New Zealand,2020-11-10,2
Century Theatres,2020-11-11,11
Chewy,2020-11-11,31
Fatburger,2020-11-11,82
Janie And Jack,2020-11-11,72
Champion,2020-11-11,75
Air New Zealand,2020-11-12,2
Century Theatres,2020-11-12,6
Champion,2020-11-12,135
Chewy,2020-11-12,47
Fatburger,2020-11-12,66
Janie And Jack,2020-11-12,96
Air New Zealand,2020-11-13,19
Century Theatres,2020-11-13,12
Champion,2020-11-13,158
Chewy,2020-11-13,52
Fatburger,2020-11-13,176
Janie And Jack,2020-11-13,113
Century Theatres,2020-11-14,2
Champion,2020-11-14,78
Chewy,2020-11-14,44
Air New Zealand,2020-11-14,5
Fatburger,2020-11-14,100
Janie And Jack,2020-11-14,80
Century Theatres,2020-11-15,3
Champion,2020-11-15,55
Chewy,2020-11-15,7
Fatburger,2020-11-15,32
Janie And Jack,2020-11-15,44
Air New Zealand,2020-11-16,2
Champion,2020-11-16,36
Chewy,2020-11-16,56
Fatburger,2020-11-16,20
Janie And Jack,2020-11-16,25
Century Theatres,2020-11-16,5
Air New Zealand,2020-11-17,4
Century Theatres,2020-11-17,5
Champion,2020-11-17,141
Chewy,2020-11-17,39
Fatburger,2020-11-17,146
Janie And Jack,2020-11-17,128
Air New Zealand,2020-11-18,14
Century Theatres,2020-11-18,17
Champion,2020-11-18,74
Chewy,2020-11-18,58
Fatburger,2020-11-18,151
Janie And Jack,2020-11-18,96
Air New Zealand,2020-11-19,5
Century Theatres,2020-11-19,14
Chewy,2020-11-19,54
Fatburger,2020-11-19,168
Champion,2020-11-19,193
Janie And Jack,2020-11-19,150
Air New Zealand,2020-11-20,9
Century Theatres,2020-11-20,17
Chewy,2020-11-20,41
Fatburger,2020-11-20,131
Janie And Jack,2020-11-20,122
Champion,2020-11-20,109
Air New Zealand,2020-11-21,7
Century Theatres,2020-11-21,16
Champion,2020-11-21,103
Chewy,2020-11-21,44
Fatburger,2020-11-21,91
Janie And Jack,2020-11-21,90
Champion,2020-11-22,54
Chewy,2020-11-22,16
Fatburger,2020-11-22,24
Janie And Jack,2020-11-22,34
Air New Zealand,2020-11-23,2
Century Theatres,2020-11-23,1
Champion,2020-11-23,54
Chewy,2020-11-23,22
Fatburger,2020-11-23,55
Janie And Jack,2020-11-23,23
Air New Zealand,2020-11-24,2
Century Theatres,2020-11-24,6
Champion,2020-11-24,55
Chewy,2020-11-24,43
Fatburger,2020-11-24,101
Janie And Jack,2020-11-24,72
Century Theatres,2020-11-25,1
Champion,2020-11-25,33
Chewy,2020-11-25,26
Fatburger,2020-11-25,19
Janie And Jack,2020-11-25,31
Air New Zealand,2020-11-26,2
Champion,2020-11-26,127
Chewy,2020-11-26,13
Century Theatres,2020-11-26,5
Fatburger,2020-11-26,70
Janie And Jack,2020-11-26,88
Air New Zealand,2020-11-27,3
Century Theatres,2020-11-27,4
Chewy,2020-11-27,15
Champion,2020-11-27,84
Fatburger,2020-11-27,82
Janie And Jack,2020-11-27,71
Century Theatres,2020-11-28,1
Champion,2020-11-28,43
Chewy,2020-11-28,12
Fatburger,2020-11-28,52
Janie And Jack,2020-11-28,37
Air New Zealand,2020-11-29,3
Champion,2020-11-29,23
Chewy,2020-11-29,7
Fatburger,2020-11-29,12
Janie And Jack,2020-11-29,15
Century Theatres,2020-11-30,1
Champion,2020-11-30,43
Chewy,2020-11-30,6
Fatburger,2020-11-30,15
Janie And Jack,2020-11-30,24
Century Theatres,2020-12-01,9
Champion,2020-12-01,105
Chewy,2020-12-01,162
Air New Zealand,2020-12-01,4
Fatburger,2020-12-01,240
Janie And Jack,2020-12-01,114
Air New Zealand,2020-12-02,1
Century Theatres,2020-12-02,2
Champion,2020-12-02,47
Fatburger,2020-12-02,40
Chewy,2020-12-02,51
Janie And Jack,2020-12-02,60
Air New Zealand,2020-12-03,3
Century Theatres,2020-12-03,10
Champion,2020-12-03,116
Chewy,2020-12-03,45
Fatburger,2020-12-03,85
Janie And Jack,2020-12-03,107
Air New Zealand,2020-12-04,2
Century Theatres,2020-12-04,3
Champion,2020-12-04,106
Chewy,2020-12-04,41
Fatburger,2020-12-04,118
Janie And Jack,2020-12-04,130
Air New Zealand,2020-12-05,1
Century Theatres,2020-12-05,3
Champion,2020-12-05,54
Chewy,2020-12-05,23
Fatburger,2020-12-05,93
Janie And Jack,2020-12-05,42
Air New Zealand,2020-12-06,1
Century Theatres,2020-12-06,7
Champion,2020-12-06,58
Chewy,2020-12-06,177
Fatburger,2020-12-06,43
Janie And Jack,2020-12-06,48
Air New Zealand,2020-12-07,2
Champion,2020-12-07,88
Chewy,2020-12-07,98
Janie And Jack,2020-12-07,48
Fatburger,2020-12-07,60
Air New Zealand,2020-12-08,1
Champion,2020-12-08,63
Chewy,2020-12-08,29
Fatburger,2020-12-08,89
Janie And Jack,2020-12-08,48
Air New Zealand,2020-12-09,3
Century Theatres,2020-12-09,1
Champion,2020-12-09,81
Chewy,2020-12-09,76
Fatburger,2020-12-09,68
Janie And Jack,2020-12-09,58
Air New Zealand,2020-12-10,1
Century Theatres,2020-12-10,2
Champion,2020-12-10,172
Chewy,2020-12-10,127
Fatburger,2020-12-10,119
Janie And Jack,2020-12-10,147
Century Theatres,2020-12-11,1
Champion,2020-12-11,92
Chewy,2020-12-11,81
Fatburger,2020-12-11,108
Janie And Jack,2020-12-11,97
Air New Zealand,2020-12-13,6
Century Theatres,2020-12-13,4
Champion,2020-12-13,152
Chewy,2020-12-13,109
Fatburger,2020-12-13,88
Janie And Jack,2020-12-13,124
Air New Zealand,2020-12-14,3
Fatburger,2020-12-14,50
Champion,2020-12-14,71
Chewy,2020-12-14,84
Janie And Jack,2020-12-14,90
Air New Zealand,2020-12-15,3
Champion,2020-12-15,16
Chewy,2020-12-15,16
Fatburger,2020-12-15,39
Janie And Jack,2020-12-15,35
Champion,2020-12-16,40
Chewy,2020-12-16,51
Fatburger,2020-12-16,28
Century Theatres,2020-12-16,1
Janie And Jack,2020-12-16,56
Air New Zealand,2020-12-17,36
Century Theatres,2020-12-17,29
Champion,2020-12-17,156
Chewy,2020-12-17,193
Fatburger,2020-12-17,175
Janie And Jack,2020-12-17,148
Air New Zealand,2020-12-18,2
Century Theatres,2020-12-18,68
Chewy,2020-12-18,459
Fatburger,2020-12-18,76
Champion,2020-12-18,78
Janie And Jack,2020-12-18,70
Century Theatres,2020-12-19,607
Champion,2020-12-19,110
Chewy,2020-12-19,1172
Fatburger,2020-12-19,91
Janie And Jack,2020-12-19,92
Century Theatres,2020-12-20,95
Champion,2020-12-20,74
Chewy,2020-12-20,325
Fatburger,2020-12-20,77
Janie And Jack,2020-12-20,48
Century Theatres,2020-12-21,1
Champion,2020-12-21,33
Fatburger,2020-12-21,30
Janie And Jack,2020-12-21,26
Chewy,2020-12-21,11
Century Theatres,2020-12-22,3
Champion,2020-12-22,46
Chewy,2020-12-22,36
Fatburger,2020-12-22,62
Janie And Jack,2020-12-22,27
Air New Zealand,2020-12-23,2
Champion,2020-12-23,29
Chewy,2020-12-23,27
Janie And Jack,2020-12-23,31
Fatburger,2020-12-23,29
Air New Zealand,2020-12-24,2
Century Theatres,2020-12-24,5
Champion,2020-12-24,158
Chewy,2020-12-24,70
Fatburger,2020-12-24,131
Janie And Jack,2020-12-24,130
Air New Zealand,2020-12-25,1
Century Theatres,2020-12-25,4
Champion,2020-12-25,44
Chewy,2020-12-25,19
Fatburger,2020-12-25,64
Janie And Jack,2020-12-25,39
Century Theatres,2020-12-26,2
Champion,2020-12-26,57
Chewy,2020-12-26,11
Fatburger,2020-12-26,36
Janie And Jack,2020-12-26,46
Century Theatres,2020-12-27,4
Champion,2020-12-27,39
Chewy,2020-12-27,10
Fatburger,2020-12-27,15
Janie And Jack,2020-12-27,24
Champion,2020-12-28,15
Chewy,2020-12-28,4
Fatburger,2020-12-28,19
Janie And Jack,2020-12-28,14
Air New Zealand,2020-12-29,1
Century Theatres,2020-12-29,1
Champion,2020-12-29,47
Fatburger,2020-12-29,36
Janie And Jack,2020-12-29,31
Chewy,2020-12-29,6
Century Theatres,2020-12-30,9
Champion,2020-12-30,59
Chewy,2020-12-30,73
Fatburger,2020-12-30,72
Air New Zealand,2020-12-30,2
Janie And Jack,2020-12-30,60
Air New Zealand,2020-12-31,4
Century Theatres,2020-12-31,7
Champion,2020-12-31,133
Chewy,2020-12-31,44
Fatburger,2020-12-31,89
Janie And Jack,2020-12-31,87
Air New Zealand,2021-01-01,3
Century Theatres,2021-01-01,7
Champion,2021-01-01,48
Chewy,2021-01-01,13
Fatburger,2021-01-01,54
Janie And Jack,2021-01-01,59
Champion,2021-01-02,38
Chewy,2021-01-02,13
Fatburger,2021-01-02,52
Janie And Jack,2021-01-02,22
Champion,2021-01-03,18
Chewy,2021-01-03,4
Fatburger,2021-01-03,3
Janie And Jack,2021-01-03,11
Air New Zealand,2021-01-04,2
Champion,2021-01-04,14
Chewy,2021-01-04,3
Fatburger,2021-01-04,13
Janie And Jack,2021-01-04,27
Air New Zealand,2021-01-05,4
Century Theatres,2021-01-05,9
Champion,2021-01-05,117
Chewy,2021-01-05,100
Fatburger,2021-01-05,120
Janie And Jack,2021-01-05,81
Air New Zealand,2021-01-06,1
Champion,2021-01-06,54
Chewy,2021-01-06,32
Fatburger,2021-01-06,47
Janie And Jack,2021-01-06,27
Air New Zealand,2021-01-07,3
Century Theatres,2021-01-07,7
Champion,2021-01-07,150
Chewy,2021-01-07,91
Fatburger,2021-01-07,159
Janie And Jack,2021-01-07,218
Air New Zealand,2021-01-08,2
Century Theatres,2021-01-08,4
Champion,2021-01-08,74
Chewy,2021-01-08,48
Fatburger,2021-01-08,61
Janie And Jack,2021-01-08,49
Champion,2021-01-09,71
Chewy,2021-01-09,29
Fatburger,2021-01-09,20
Janie And Jack,2021-01-09,26
Air New Zealand,2021-01-10,2
Champion,2021-01-10,22
Chewy,2021-01-10,15
Fatburger,2021-01-10,23
Janie And Jack,2021-01-10,24
Air New Zealand,2021-01-11,6
Champion,2021-01-11,45
Fatburger,2021-01-11,38
Chewy,2021-01-11,79
Janie And Jack,2021-01-11,30
Century Theatres,2021-01-12,2
Champion,2021-01-12,93
Chewy,2021-01-12,34
Fatburger,2021-01-12,68
Janie And Jack,2021-01-12,54
Century Theatres,2021-01-13,6
Champion,2021-01-13,81
Chewy,2021-01-13,15
Fatburger,2021-01-13,69
Janie And Jack,2021-01-13,66
Air New Zealand,2021-01-14,1
Century Theatres,2021-01-14,3
Champion,2021-01-14,55
Chewy,2021-01-14,51
Fatburger,2021-01-14,61
Janie And Jack,2021-01-14,21
Champion,2021-01-15,75
Chewy,2021-01-15,95
Fatburger,2021-01-15,80
Janie And Jack,2021-01-15,55
Century Theatres,2021-01-16,1
Champion,2021-01-16,66
Chewy,2021-01-16,34
Fatburger,2021-01-16,52
Janie And Jack,2021-01-16,34
Century Theatres,2021-01-17,1
Champion,2021-01-17,25
Chewy,2021-01-17,5
Fatburger,2021-01-17,17
Janie And Jack,2021-01-17,17
Champion,2021-01-18,28
Chewy,2021-01-18,9
Fatburger,2021-01-18,23
Janie And Jack,2021-01-18,9
Air New Zealand,2021-01-19,2
Century Theatres,2021-01-19,2
Champion,2021-01-19,86
Chewy,2021-01-19,59
Fatburger,2021-01-19,110
Janie And Jack,2021-01-19,61
Air New Zealand,2021-01-20,1
Century Theatres,2021-01-20,2
Chewy,2021-01-20,34
Champion,2021-01-20,118
Fatburger,2021-01-20,127
Janie And Jack,2021-01-20,67
Air New Zealand,2021-01-21,2
Century Theatres,2021-01-21,1
Champion,2021-01-21,74
Chewy,2021-01-21,36
Fatburger,2021-01-21,95
Janie And Jack,2021-01-21,36
Air New Zealand,2021-01-23,2
Century Theatres,2021-01-23,3
Champion,2021-01-23,276
Chewy,2021-01-23,85
Fatburger,2021-01-23,172
Janie And Jack,2021-01-23,219
Champion,2021-01-24,2
Chewy,2021-01-24,2
Janie And Jack,2021-01-24,4
Century Theatres,2021-01-25,7
Champion,2021-01-25,72
Chewy,2021-01-25,20
Fatburger,2021-01-25,50
Janie And Jack,2021-01-25,53
Air New Zealand,2021-01-26,6
Century Theatres,2021-01-26,2
Champion,2021-01-26,26
Chewy,2021-01-26,40
Fatburger,2021-01-26,67
Janie And Jack,2021-01-26,25
Air New Zealand,2021-01-27,6
Champion,2021-01-27,81
Chewy,2021-01-27,51
Fatburger,2021-01-27,104
Janie And Jack,2021-01-27,80
Century Theatres,2021-01-27,2
Air New Zealand,2021-01-28,3
Century Theatres,2021-01-28,1
Champion,2021-01-28,111
Chewy,2021-01-28,44
Fatburger,2021-01-28,52
Janie And Jack,2021-01-28,88
Air New Zealand,2021-01-29,1
Century Theatres,2021-01-29,4
Champion,2021-01-29,75
Chewy,2021-01-29,18
Fatburger,2021-01-29,48
Janie And Jack,2021-01-29,48
Air New Zealand,2021-01-30,1
Champion,2021-01-30,72
Chewy,2021-01-30,50
Fatburger,2021-01-30,60
Janie And Jack,2021-01-30,58
Century Theatres,2021-01-31,1
Champion,2021-01-31,49
Chewy,2021-01-31,17
Fatburger,2021-01-31,18
Janie And Jack,2021-01-31,39
Champion,2021-02-01,56
Chewy,2021-02-01,14
Fatburger,2021-02-01,38
Janie And Jack,2021-02-01,45
Air New Zealand,2021-02-02,3
Century Theatres,2021-02-02,2
Champion,2021-02-02,15
Chewy,2021-02-02,48
Fatburger,2021-02-02,31
Janie And Jack,2021-02-02,10
Air New Zealand,2021-02-03,5
Century Theatres,2021-02-03,6
Champion,2021-02-03,70
Chewy,2021-02-03,29
Fatburger,2021-02-03,86
Janie And Jack,2021-02-03,71
Air New Zealand,2021-02-04,4
Century Theatres,2021-02-04,3
Champion,2021-02-04,127
Chewy,2021-02-04,28
Fatburger,2021-02-04,46
Janie And Jack,2021-02-04,79
Air New Zealand,2021-02-05,2
Century Theatres,2021-02-05,3
Champion,2021-02-05,88
Chewy,2021-02-05,51
Fatburger,2021-02-05,53
Janie And Jack,2021-02-05,36
Air New Zealand,2021-02-06,2
Century Theatres,2021-02-06,2
Chewy,2021-02-06,54
Fatburger,2021-02-06,69
Janie And Jack,2021-02-06,74
Champion,2021-02-06,75
Air New Zealand,2021-02-07,3
Century Theatres,2021-02-07,1
Champion,2021-02-07,54
Chewy,2021-02-07,22
Fatburger,2021-02-07,20
Janie And Jack,2021-02-07,48
Century Theatres,2021-02-08,2
Champion,2021-02-08,81
Chewy,2021-02-08,34
Fatburger,2021-02-08,50
Janie And Jack,2021-02-08,47
Century Theatres,2021-02-09,1
Champion,2021-02-09,9
Chewy,2021-02-09,23
Fatburger,2021-02-09,11
Janie And Jack,2021-02-09,7
Air New Zealand,2021-02-10,1
Century Theatres,2021-02-10,11
Champion,2021-02-10,73
Chewy,2021-02-10,43
Fatburger,2021-02-10,210
Janie And Jack,2021-02-10,66
Century Theatres,2021-02-11,4
Champion,2021-02-11,109
Chewy,2021-02-11,44
Fatburger,2021-02-11,74
Janie And Jack,2021-02-11,93
Air New Zealand,2021-02-12,2
Century Theatres,2021-02-12,1
Champion,2021-02-12,66
Chewy,2021-02-12,41
Fatburger,2021-02-12,29
Janie And Jack,2021-02-12,32
Champion,2021-02-13,58
Chewy,2021-02-13,49
Fatburger,2021-02-13,26
Janie And Jack,2021-02-13,56
Century Theatres,2021-02-14,1
Champion,2021-02-14,45
Chewy,2021-02-14,21
Fatburger,2021-02-14,26
Janie And Jack,2021-02-14,42
Air New Zealand,2021-02-15,1
Chewy,2021-02-15,35
Fatburger,2021-02-15,29
Janie And Jack,2021-02-15,20
Champion,2021-02-15,34
Century Theatres,2021-02-16,2
Champion,2021-02-16,38
Chewy,2021-02-16,18
Fatburger,2021-02-16,29
Janie And Jack,2021-02-16,22
Air New Zealand,2021-02-16,1
Air New Zealand,2021-02-17,4
Century Theatres,2021-02-17,4
Chewy,2021-02-17,15
Fatburger,2021-02-17,26
Janie And Jack,2021-02-17,24
Champion,2021-02-17,21
Air New Zealand,2021-02-18,1
Century Theatres,2021-02-18,4
Champion,2021-02-18,75
Chewy,2021-02-18,95
Fatburger,2021-02-18,61
Janie And Jack,2021-02-18,64
Air New Zealand,2021-02-19,1
Century Theatres,2021-02-19,2
Champion,2021-02-19,102
Chewy,2021-02-19,54
Fatburger,2021-02-19,61
Janie And Jack,2021-02-19,68
Century Theatres,2021-02-20,1
Champion,2021-02-20,58
Chewy,2021-02-20,38
Fatburger,2021-02-20,30
Janie And Jack,2021-02-20,34
Century Theatres,2021-02-21,2
Champion,2021-02-21,45
Chewy,2021-02-21,27
Fatburger,2021-02-21,44
Janie And Jack,2021-02-21,26
Air New Zealand,2021-02-22,1
Century Theatres,2021-02-22,3
Champion,2021-02-22,13
Chewy,2021-02-22,31
Fatburger,2021-02-22,30
Janie And Jack,2021-02-22,17
Century Theatres,2021-02-23,1
Champion,2021-02-23,48
Chewy,2021-02-23,11
Fatburger,2021-02-23,36
Janie And Jack,2021-02-23,19
Air New Zealand,2021-02-24,1
Century Theatres,2021-02-24,1
Champion,2021-02-24,56
Chewy,2021-02-24,64
Janie And Jack,2021-02-24,69
Fatburger,2021-02-24,77
Air New Zealand,2021-02-25,2
Champion,2021-02-25,135
Chewy,2021-02-25,1800
Janie And Jack,2021-02-25,70
Fatburger,2021-02-25,61
Century Theatres,2021-02-26,2
Champion,2021-02-26,60
Chewy,2021-02-26,242
Fatburger,2021-02-26,41
Janie And Jack,2021-02-26,35
Century Theatres,2021-02-27,9
Champion,2021-02-27,82
Chewy,2021-02-27,62
Fatburger,2021-02-27,151
Air New Zealand,2021-02-27,4
Janie And Jack,2021-02-27,121
Air New Zealand,2021-02-28,2
Champion,2021-02-28,49
Chewy,2021-02-28,139
Fatburger,2021-02-28,23
Janie And Jack,2021-02-28,31
Champion,2021-03-01,46
Chewy,2021-03-01,20
Fatburger,2021-03-01,19
Janie And Jack,2021-03-01,33
Air New Zealand,2021-03-03,6
Century Theatres,2021-03-03,9
Champion,2021-03-03,63
Chewy,2021-03-03,59
Fatburger,2021-03-03,76
Janie And Jack,2021-03-03,58
Air New Zealand,2021-03-04,3
Century Theatres,2021-03-04,57
Champion,2021-03-04,127
Chewy,2021-03-04,152
Fatburger,2021-03-04,379
Janie And Jack,2021-03-04,133
Air New Zealand,2021-03-05,7
Century Theatres,2021-03-05,5
Champion,2021-03-05,103
Chewy,2021-03-05,192
Fatburger,2021-03-05,101
Janie And Jack,2021-03-05,77
Air New Zealand,2021-03-06,11
Century Theatres,2021-03-06,19
Champion,2021-03-06,136
Chewy,2021-03-06,162
Fatburger,2021-03-06,237
Janie And Jack,2021-03-06,203
Air New Zealand,2021-03-07,1
Champion,2021-03-07,47
Chewy,2021-03-07,169
Fatburger,2021-03-07,27
Janie And Jack,2021-03-07,22
Air New Zealand,2021-03-08,2
Century Theatres,2021-03-08,29
Champion,2021-03-08,50
Chewy,2021-03-08,225
Fatburger,2021-03-08,219
Janie And Jack,2021-03-08,69
Air New Zealand,2021-03-09,8
Century Theatres,2021-03-09,36
Champion,2021-03-09,25
Chewy,2021-03-09,225
Fatburger,2021-03-09,54
Janie And Jack,2021-03-09,62
Air New Zealand,2021-03-10,10
Century Theatres,2021-03-10,308
Champion,2021-03-10,165
Chewy,2021-03-10,265
Fatburger,2021-03-10,565
Janie And Jack,2021-03-10,255
Air New Zealand,2021-03-11,4
Century Theatres,2021-03-11,71
Champion,2021-03-11,171
Chewy,2021-03-11,468
Fatburger,2021-03-11,144
Janie And Jack,2021-03-11,151
Century Theatres,2021-03-12,27
Champion,2021-03-12,63
Chewy,2021-03-12,277
Fatburger,2021-03-12,129
Janie And Jack,2021-03-12,95
Century Theatres,2021-03-13,26
Chewy,2021-03-13,50
Champion,2021-03-13,70
Fatburger,2021-03-13,110
Air New Zealand,2021-03-13,3
Janie And Jack,2021-03-13,63
Century Theatres,2021-03-14,5
Champion,2021-03-14,51
Chewy,2021-03-14,31
Fatburger,2021-03-14,40
Janie And Jack,2021-03-14,43
Air New Zealand,2021-03-15,2
Century Theatres,2021-03-15,3
Champion,2021-03-15,67
Chewy,2021-03-15,42
Fatburger,2021-03-15,43
Janie And Jack,2021-03-15,43
Air New Zealand,2021-03-16,1
Century Theatres,2021-03-16,24
Champion,2021-03-16,26
Chewy,2021-03-16,24
Fatburger,2021-03-16,83
Janie And Jack,2021-03-16,27
Air New Zealand,2021-03-17,1
Century Theatres,2021-03-17,10
Champion,2021-03-17,56
Fatburger,2021-03-17,64
Janie And Jack,2021-03-17,63
Chewy,2021-03-17,74
Air New Zealand,2021-03-18,5
Century Theatres,2021-03-18,164
Champion,2021-03-18,116
Chewy,2021-03-18,99
Fatburger,2021-03-18,206
Janie And Jack,2021-03-18,138
Air New Zealand,2021-03-19,1
Century Theatres,2021-03-19,23
Champion,2021-03-19,119
Chewy,2021-03-19,80
Fatburger,2021-03-19,50
Janie And Jack,2021-03-19,85
Air New Zealand,2021-03-20,3
Century Theatres,2021-03-20,41
Champion,2021-03-20,72
Chewy,2021-03-20,70
Fatburger,2021-03-20,81
Janie And Jack,2021-03-20,75
Century Theatres,2021-03-21,36
Champion,2021-03-21,78
Chewy,2021-03-21,55
Fatburger,2021-03-21,67
Janie And Jack,2021-03-21,56
Air New Zealand,2021-03-22,6
Century Theatres,2021-03-22,24
Champion,2021-03-22,73
Chewy,2021-03-22,62
Fatburger,2021-03-22,84
Janie And Jack,2021-03-22,74
Air New Zealand,2021-03-23,1
Century Theatres,2021-03-23,5
Champion,2021-03-23,14
Chewy,2021-03-23,27
Fatburger,2021-03-23,29
Janie And Jack,2021-03-23,18
Century Theatres,2021-03-24,9
Champion,2021-03-24,60
Chewy,2021-03-24,43
Fatburger,2021-03-24,53
Janie And Jack,2021-03-24,61
Air New Zealand,2021-03-25,2
Century Theatres,2021-03-25,264
Chewy,2021-03-25,132
Fatburger,2021-03-25,188
Champion,2021-03-25,143
Janie And Jack,2021-03-25,137
Century Theatres,2021-03-26,61
Air New Zealand,2021-03-26,2
Champion,2021-03-26,58
Chewy,2021-03-26,100
Fatburger,2021-03-26,77
Janie And Jack,2021-03-26,89
Air New Zealand,2021-03-27,13
Century Theatres,2021-03-27,243
Champion,2021-03-27,183
Chewy,2021-03-27,56
Fatburger,2021-03-27,578
Janie And Jack,2021-03-27,266
Air New Zealand,2021-03-28,5
Century Theatres,2021-03-28,23
Champion,2021-03-28,150
Chewy,2021-03-28,38
Fatburger,2021-03-28,115
Janie And Jack,2021-03-28,164
Air New Zealand,2021-03-29,1
Century Theatres,2021-03-29,31
Champion,2021-03-29,56
Chewy,2021-03-29,51
Fatburger,2021-03-29,53
Janie And Jack,2021-03-29,55
Air New Zealand,2021-03-30,1
Century Theatres,2021-03-30,7
Champion,2021-03-30,20
Chewy,2021-03-30,58
Fatburger,2021-03-30,54
Janie And Jack,2021-03-30,26
Air New Zealand,2021-03-31,3
Century Theatres,2021-03-31,12
Champion,2021-03-31,69
Chewy,2021-03-31,21
Fatburger,2021-03-31,29
Janie And Jack,2021-03-31,47
Century Theatres,2021-04-01,175
Champion,2021-04-01,102
Chewy,2021-04-01,39
Fatburger,2021-04-01,101
Janie And Jack,2021-04-01,136
Air New Zealand,2021-04-02,3
Century Theatres,2021-04-02,32
Champion,2021-04-02,109
Chewy,2021-04-02,171
Fatburger,2021-04-02,135
Janie And Jack,2021-04-02,98
Century Theatres,2021-04-03,66
Champion,2021-04-03,65
Chewy,2021-04-03,25
Fatburger,2021-04-03,50
Janie And Jack,2021-04-03,76
Century Theatres,2021-04-04,19
Champion,2021-04-04,40
Chewy,2021-04-04,45
Fatburger,2021-04-04,14
Janie And Jack,2021-04-04,41
Air New Zealand,2021-04-05,1
Champion,2021-04-05,48
Chewy,2021-04-05,70
Century Theatres,2021-04-05,33
Fatburger,2021-04-05,58
Janie And Jack,2021-04-05,59
Air New Zealand,2021-04-06,1
Century Theatres,2021-04-06,85
Champion,2021-04-06,22
Chewy,2021-04-06,12
Fatburger,2021-04-06,54
Janie And Jack,2021-04-06,44
Air New Zealand,2021-04-07,2
Century Theatres,2021-04-07,17
Champion,2021-04-07,54
Chewy,2021-04-07,23
Fatburger,2021-04-07,42
Janie And Jack,2021-04-07,44
Air New Zealand,2021-04-08,3
Champion,2021-04-08,102
Chewy,2021-04-08,63
Fatburger,2021-04-08,121
Century Theatres,2021-04-08,202
Janie And Jack,2021-04-08,115
Air New Zealand,2021-04-09,3
Century Theatres,2021-04-09,57
Champion,2021-04-09,53
Chewy,2021-04-09,120
Fatburger,2021-04-09,102
Janie And Jack,2021-04-09,55
Air New Zealand,2021-04-10,1
Century Theatres,2021-04-10,25
Champion,2021-04-10,64
Chewy,2021-04-10,55
Fatburger,2021-04-10,51
Janie And Jack,2021-04-10,60
Century Theatres,2021-04-11,4
Champion,2021-04-11,61
Chewy,2021-04-11,52
Fatburger,2021-04-11,32
Janie And Jack,2021-04-11,44
Air New Zealand,2021-04-12,1
Century Theatres,2021-04-12,8
Chewy,2021-04-12,37
Champion,2021-04-12,61
Fatburger,2021-04-12,34
Janie And Jack,2021-04-12,41
Air New Zealand,2021-04-13,1
Century Theatres,2021-04-13,14
Champion,2021-04-13,19
Chewy,2021-04-13,40
Fatburger,2021-04-13,39
Janie And Jack,2021-04-13,28
Air New Zealand,2021-04-14,4
Century Theatres,2021-04-14,16
Champion,2021-04-14,51
Chewy,2021-04-14,35
Fatburger,2021-04-14,49
Janie And Jack,2021-04-14,49
Century Theatres,2021-04-15,104
Champion,2021-04-15,100
Chewy,2021-04-15,57
Fatburger,2021-04-15,118
Janie And Jack,2021-04-15,86
Air New Zealand,2021-04-16,2
Century Theatres,2021-04-16,24
Champion,2021-04-16,63
Chewy,2021-04-16,142
Fatburger,2021-04-16,73
Janie And Jack,2021-04-16,73
Air New Zealand,2021-04-17,2
Century Theatres,2021-04-17,16
Champion,2021-04-17,50
Chewy,2021-04-17,60
Fatburger,2021-04-17,30
Janie And Jack,2021-04-17,42
Century Theatres,2021-04-18,5
Champion,2021-04-18,42
Chewy,2021-04-18,22
Fatburger,2021-04-18,36
Janie And Jack,2021-04-18,39
Air New Zealand,2021-04-19,1
Century Theatres,2021-04-19,1
Champion,2021-04-19,49
Chewy,2021-04-19,50
Fatburger,2021-04-19,32
Janie And Jack,2021-04-19,31
Air New Zealand,2021-04-20,4
Champion,2021-04-20,15
Chewy,2021-04-20,5
Fatburger,2021-04-20,53
Janie And Jack,2021-04-20,25
Century Theatres,2021-04-20,9
Century Theatres,2021-04-21,61
Champion,2021-04-21,59
Chewy,2021-04-21,15
Fatburger,2021-04-21,93
Janie And Jack,2021-04-21,70
Air New Zealand,2021-04-22,2
Century Theatres,2021-04-22,20
Champion,2021-04-22,96
Chewy,2021-04-22,45
Fatburger,2021-04-22,62
Janie And Jack,2021-04-22,60
Air New Zealand,2021-04-23,4
Century Theatres,2021-04-23,19
Champion,2021-04-23,71
Chewy,2021-04-23,86
Fatburger,2021-04-23,74
Janie And Jack,2021-04-23,63
Air New Zealand,2021-04-24,2
Century Theatres,2021-04-24,5
Champion,2021-04-24,53
Chewy,2021-04-24,36
Fatburger,2021-04-24,47
Janie And Jack,2021-04-24,38
Air New Zealand,2021-04-25,1
Century Theatres,2021-04-25,10
Champion,2021-04-25,59
Chewy,2021-04-25,37
Janie And Jack,2021-04-25,32
Fatburger,2021-04-25,36
Century Theatres,2021-04-26,3
Champion,2021-04-26,27
Chewy,2021-04-26,25
Fatburger,2021-04-26,21
Janie And Jack,2021-04-26,28
Air New Zealand,2021-04-27,3
Century Theatres,2021-04-27,8
Champion,2021-04-27,30
Chewy,2021-04-27,2
Fatburger,2021-04-27,19
Janie And Jack,2021-04-27,27
Air New Zealand,2021-04-28,1
Century Theatres,2021-04-28,7
Champion,2021-04-28,27
Chewy,2021-04-28,106
Fatburger,2021-04-28,41
Janie And Jack,2021-04-28,35
Air New Zealand,2021-04-29,2
Century Theatres,2021-04-29,193
Champion,2021-04-29,69
Chewy,2021-04-29,58
Fatburger,2021-04-29,118
Janie And Jack,2021-04-29,94
Century Theatres,2021-04-30,65
Champion,2021-04-30,44
Air New Zealand,2021-04-30,1
Chewy,2021-04-30,75
Fatburger,2021-04-30,57
Janie And Jack,2021-04-30,58
Air New Zealand,2021-05-01,2
Century Theatres,2021-05-01,36
Chewy,2021-05-01,16
Champion,2021-05-01,66
Fatburger,2021-05-01,36
Janie And Jack,2021-05-01,52
Air New Zealand,2021-05-02,2
Century Theatres,2021-05-02,17
Champion,2021-05-02,44
Chewy,2021-05-02,43
Fatburger,2021-05-02,33
Janie And Jack,2021-05-02,31
Air New Zealand,2021-05-03,1
Century Theatres,2021-05-03,33
Champion,2021-05-03,94
Fatburger,2021-05-03,166
Chewy,2021-05-03,216
Janie And Jack,2021-05-03,41
Air New Zealand,2021-05-04,1
Century Theatres,2021-05-04,2
Champion,2021-05-04,19
Chewy,2021-05-04,21
Fatburger,2021-05-04,10
Janie And Jack,2021-05-04,13
Air New Zealand,2021-05-05,2
Century Theatres,2021-05-05,5
Champion,2021-05-05,45
Chewy,2021-05-05,30
Fatburger,2021-05-05,26
Janie And Jack,2021-05-05,32
Century Theatres,2021-05-06,81
Air New Zealand,2021-05-06,4
Champion,2021-05-06,96
Chewy,2021-05-06,38
Fatburger,2021-05-06,113
Janie And Jack,2021-05-06,89
Air New Zealand,2021-05-07,4
Century Theatres,2021-05-07,24
Champion,2021-05-07,73
Chewy,2021-05-07,97
Fatburger,2021-05-07,50
Janie And Jack,2021-05-07,61
Air New Zealand,2021-05-08,4
Century Theatres,2021-05-08,13
Champion,2021-05-08,40
Chewy,2021-05-08,71
Fatburger,2021-05-08,59
Janie And Jack,2021-05-08,57
Air New Zealand,2021-05-09,1
Century Theatres,2021-05-09,5
Champion,2021-05-09,23
Chewy,2021-05-09,50
Fatburger,2021-05-09,24
Janie And Jack,2021-05-09,25
Air New Zealand,2021-05-10,3
Century Theatres,2021-05-10,7
Champion,2021-05-10,51
Chewy,2021-05-10,39
Fatburger,2021-05-10,36
Janie And Jack,2021-05-10,32
Air New Zealand,2021-05-11,1
Century Theatres,2021-05-11,8
Champion,2021-05-11,18
Chewy,2021-05-11,25
Fatburger,2021-05-11,39
Janie And Jack,2021-05-11,21
Century Theatres,2021-05-12,6
Champion,2021-05-12,29
Chewy,2021-05-12,37
Fatburger,2021-05-12,42
Janie And Jack,2021-05-12,32
Air New Zealand,2021-05-13,3
Century Theatres,2021-05-13,90
Champion,2021-05-13,71
Chewy,2021-05-13,86
Fatburger,2021-05-13,73
Janie And Jack,2021-05-13,75
Air New Zealand,2021-05-14,3
Century Theatres,2021-05-14,21
Champion,2021-05-14,57
Chewy,2021-05-14,86
Fatburger,2021-05-14,34
Janie And Jack,2021-05-14,44
Air New Zealand,2021-05-15,1
Champion,2021-05-15,59
Chewy,2021-05-15,62
Fatburger,2021-05-15,41
Janie And Jack,2021-05-15,36
Century Theatres,2021-05-15,10
Air New Zealand,2021-05-16,1
Century Theatres,2021-05-16,2
Champion,2021-05-16,29
Chewy,2021-05-16,20
Fatburger,2021-05-16,25
Janie And Jack,2021-05-16,17
Air New Zealand,2021-05-17,1
Century Theatres,2021-05-17,8
Champion,2021-05-17,37
Chewy,2021-05-17,81
Fatburger,2021-05-17,24
Janie And Jack,2021-05-17,32
Air New Zealand,2021-05-18,1
Century Theatres,2021-05-18,10
Champion,2021-05-18,22
Chewy,2021-05-18,9
Fatburger,2021-05-18,36
Janie And Jack,2021-05-18,23
Air New Zealand,2021-05-19,2
Century Theatres,2021-05-19,6
Champion,2021-05-19,38
Chewy,2021-05-19,22
Fatburger,2021-05-19,34
Janie And Jack,2021-05-19,38
Air New Zealand,2021-05-20,2
Century Theatres,2021-05-20,110
Champion,2021-05-20,85
Chewy,2021-05-20,47
Fatburger,2021-05-20,88
Janie And Jack,2021-05-20,86
Air New Zealand,2021-05-21,7
Century Theatres,2021-05-21,40
Champion,2021-05-21,61
Chewy,2021-05-21,93
Fatburger,2021-05-21,63
Janie And Jack,2021-05-21,50
Air New Zealand,2021-05-22,1
Century Theatres,2021-05-22,11
Champion,2021-05-22,54
Chewy,2021-05-22,37
Fatburger,2021-05-22,16
Janie And Jack,2021-05-22,40
Air New Zealand,2021-05-23,2
Century Theatres,2021-05-23,3
Champion,2021-05-23,30
Chewy,2021-05-23,32
Fatburger,2021-05-23,26
Janie And Jack,2021-05-23,23
Air New Zealand,2021-05-24,1
Century Theatres,2021-05-24,6
Champion,2021-05-24,42
Chewy,2021-05-24,21
Fatburger,2021-05-24,15
Janie And Jack,2021-05-24,20
Air New Zealand,2021-05-25,2
Century Theatres,2021-05-25,13
Chewy,2021-05-25,49
Fatburger,2021-05-25,43
Janie And Jack,2021-05-25,29
Champion,2021-05-25,24
Air New Zealand,2021-05-26,3
Century Theatres,2021-05-26,8
Champion,2021-05-26,33
Chewy,2021-05-26,41
Fatburger,2021-05-26,42
Janie And Jack,2021-05-26,37
Air New Zealand,2021-05-27,6
Century Theatres,2021-05-27,67
Champion,2021-05-27,74
Chewy,2021-05-27,52
Fatburger,2021-05-27,86
Janie And Jack,2021-05-27,72
Air New Zealand,2021-05-28,3
Century Theatres,2021-05-28,19
Champion,2021-05-28,55
Chewy,2021-05-28,92
Fatburger,2021-05-28,59
Janie And Jack,2021-05-28,41
Air New Zealand,2021-05-29,1
Century Theatres,2021-05-29,16
Champion,2021-05-29,36
Chewy,2021-05-29,37
Fatburger,2021-05-29,25
Janie And Jack,2021-05-29,39
Air New Zealand,2021-05-30,5
Century Theatres,2021-05-30,5
Champion,2021-05-30,30
Fatburger,2021-05-30,9
Janie And Jack,2021-05-30,24
Chewy,2021-05-30,26
Century Theatres,2021-05-31,13
Air New Zealand,2021-05-31,3
Champion,2021-05-31,41
Chewy,2021-05-31,22
Fatburger,2021-05-31,26
Janie And Jack,2021-05-31,44
Air New Zealand,2021-06-01,3
Century Theatres,2021-06-01,7
Champion,2021-06-01,27
Chewy,2021-06-01,58
Fatburger,2021-06-01,33
Janie And Jack,2021-06-01,32
Air New Zealand,2021-06-02,3
Century Theatres,2021-06-02,13
Champion,2021-06-02,30
Chewy,2021-06-02,25
Fatburger,2021-06-02,27
Janie And Jack,2021-06-02,34
Century Theatres,2021-06-03,19
Champion,2021-06-03,36
Chewy,2021-06-03,36
Fatburger,2021-06-03,42
Janie And Jack,2021-06-03,31
Century Theatres,2021-06-04,247
Champion,2021-06-04,122
Chewy,2021-06-04,137
Fatburger,2021-06-04,148
Janie And Jack,2021-06-04,113
Air New Zealand,2021-06-04,4
Champion,2021-06-05,4
Chewy,2021-06-05,18
Century Theatres,2021-06-05,24
Fatburger,2021-06-05,31
Janie And Jack,2021-06-05,5
Century Theatres,2021-06-06,10
Champion,2021-06-06,38
Chewy,2021-06-06,30
Fatburger,2021-06-06,19
Janie And Jack,2021-06-06,34
Air New Zealand,2021-06-07,6
Century Theatres,2021-06-07,23
Champion,2021-06-07,35
Chewy,2021-06-07,64
Fatburger,2021-06-07,59
Janie And Jack,2021-06-07,27
Century Theatres,2021-06-08,9
Champion,2021-06-08,2
Chewy,2021-06-08,13
Fatburger,2021-06-08,25
Janie And Jack,2021-06-08,7
Air New Zealand,2021-06-09,1
Century Theatres,2021-06-09,10
Champion,2021-06-09,45
Chewy,2021-06-09,38
Fatburger,2021-06-09,49
Janie And Jack,2021-06-09,37
Air New Zealand,2021-06-10,3
Century Theatres,2021-06-10,115
Champion,2021-06-10,61
Chewy,2021-06-10,36
Fatburger,2021-06-10,105
Janie And Jack,2021-06-10,70
Air New Zealand,2021-06-11,3
Century Theatres,2021-06-11,34
Champion,2021-06-11,41
Chewy,2021-06-11,106
Fatburger,2021-06-11,56
Janie And Jack,2021-06-11,41
Air New Zealand,2021-06-12,3
Century Theatres,2021-06-12,42
Chewy,2021-06-12,62
Fatburger,2021-06-12,43
Champion,2021-06-12,56
Janie And Jack,2021-06-12,50
Air New Zealand,2021-06-13,1
Century Theatres,2021-06-13,5
Champion,2021-06-13,35
Chewy,2021-06-13,39
Fatburger,2021-06-13,24
Janie And Jack,2021-06-13,23
Century Theatres,2021-06-14,28
Champion,2021-06-14,36
Chewy,2021-06-14,51
Fatburger,2021-06-14,68
Janie And Jack,2021-06-14,51
Air New Zealand,2021-06-15,1
Century Theatres,2021-06-15,1
Champion,2021-06-15,3
Fatburger,2021-06-15,2
Janie And Jack,2021-06-15,3
Air New Zealand,2021-06-16,2
Century Theatres,2021-06-16,11
Champion,2021-06-16,45
Chewy,2021-06-16,21
Fatburger,2021-06-16,37
Janie And Jack,2021-06-16,14
Air New Zealand,2021-06-17,3
Century Theatres,2021-06-17,113
Champion,2021-06-17,88
Chewy,2021-06-17,30
Fatburger,2021-06-17,99
Janie And Jack,2021-06-17,61
Century Theatres,2021-06-18,33
Air New Zealand,2021-06-18,2
Champion,2021-06-18,27
Chewy,2021-06-18,104
Fatburger,2021-06-18,54
Janie And Jack,2021-06-18,43
Century Theatres,2021-06-19,11
Champion,2021-06-19,41
Chewy,2021-06-19,47
Fatburger,2021-06-19,16
Janie And Jack,2021-06-19,30
Air New Zealand,2021-06-20,5
Century Theatres,2021-06-20,30
Champion,2021-06-20,32
Chewy,2021-06-20,23
Fatburger,2021-06-20,32
Janie And Jack,2021-06-20,34
Air New Zealand,2021-06-21,1
Century Theatres,2021-06-21,12
Champion,2021-06-21,38
Chewy,2021-06-21,74
Fatburger,2021-06-21,50
Janie And Jack,2021-06-21,30
Air New Zealand,2021-06-22,1
Century Theatres,2021-06-22,25
Champion,2021-06-22,12
Chewy,2021-06-22,6
Fatburger,2021-06-22,53
Janie And Jack,2021-06-22,13
Air New Zealand,2021-06-23,6
Century Theatres,2021-06-23,42
Champion,2021-06-23,46
Chewy,2021-06-23,18
Janie And Jack,2021-06-23,28
Fatburger,2021-06-23,61
Air New Zealand,2021-06-24,1
Century Theatres,2021-06-24,98
Champion,2021-06-24,81
Chewy,2021-06-24,59
Fatburger,2021-06-24,81
Janie And Jack,2021-06-24,66
Air New Zealand,2021-06-25,3
Century Theatres,2021-06-25,43
Champion,2021-06-25,41
Fatburger,2021-06-25,54
Janie And Jack,2021-06-25,35
Chewy,2021-06-25,60
Air New Zealand,2021-06-26,1
Century Theatres,2021-06-26,35
Champion,2021-06-26,77
Chewy,2021-06-26,50
Fatburger,2021-06-26,34
Janie And Jack,2021-06-26,36
Air New Zealand,2021-06-27,5
Century Theatres,2021-06-27,9
Champion,2021-06-27,35
Chewy,2021-06-27,21
Fatburger,2021-06-27,14
Janie And Jack,2021-06-27,28
Air New Zealand,2021-06-28,2
Champion,2021-06-28,42
Century Theatres,2021-06-28,22
Chewy,2021-06-28,65
Fatburger,2021-06-28,37
Janie And Jack,2021-06-28,14
Air New Zealand,2021-07-02,3
Century Theatres,2021-07-02,21
Champion,2021-07-02,17
Chewy,2021-07-02,2
Fatburger,2021-07-02,22
Janie And Jack,2021-07-02,22
Century Theatres,2021-07-03,39
Champion,2021-07-03,48
Chewy,2021-07-03,27
Fatburger,2021-07-03,19
Janie And Jack,2021-07-03,25
Century Theatres,2021-07-04,31
Champion,2021-07-04,27
Chewy,2021-07-04,20
Fatburger,2021-07-04,15
Janie And Jack,2021-07-04,23
Air New Zealand,2021-07-05,2
Century Theatres,2021-07-05,13
Champion,2021-07-05,44
Chewy,2021-07-05,37
Fatburger,2021-07-05,30
Janie And Jack,2021-07-05,19
Champion,2021-07-06,6
Chewy,2021-07-06,2
Janie And Jack,2021-07-06,5
Air New Zealand,2021-07-07,1
Century Theatres,2021-07-07,36
Champion,2021-07-07,49
Chewy,2021-07-07,43
Fatburger,2021-07-07,70
Janie And Jack,2021-07-07,45
Air New Zealand,2021-07-08,3
Century Theatres,2021-07-08,125
Champion,2021-07-08,46
Chewy,2021-07-08,37
Fatburger,2021-07-08,52
Janie And Jack,2021-07-08,36
Air New Zealand,2021-07-09,2
Century Theatres,2021-07-09,56
Champion,2021-07-09,65
Chewy,2021-07-09,85
Fatburger,2021-07-09,34
Janie And Jack,2021-07-09,60
Air New Zealand,2021-07-10,6
Century Theatres,2021-07-10,44
Champion,2021-07-10,43
Chewy,2021-07-10,74
Fatburger,2021-07-10,32
Janie And Jack,2021-07-10,39
Air New Zealand,2021-07-11,6
Century Theatres,2021-07-11,14
Champion,2021-07-11,68
Chewy,2021-07-11,16
Fatburger,2021-07-11,22
Janie And Jack,2021-07-11,40
Air New Zealand,2021-07-12,8
Century Theatres,2021-07-12,32
Champion,2021-07-12,33
Chewy,2021-07-12,19
Fatburger,2021-07-12,52
Janie And Jack,2021-07-12,27
Century Theatres,2021-07-13,2
Champion,2021-07-13,2
Chewy,2021-07-13,1
Fatburger,2021-07-13,8
Janie And Jack,2021-07-13,9
Air New Zealand,2021-07-14,18
Century Theatres,2021-07-14,426
Champion,2021-07-14,190
Chewy,2021-07-14,171
Fatburger,2021-07-14,408
Janie And Jack,2021-07-14,186
Air New Zealand,2021-07-15,2
Century Theatres,2021-07-15,59
Champion,2021-07-15,53
Chewy,2021-07-15,47
Fatburger,2021-07-15,124
Janie And Jack,2021-07-15,47
Air New Zealand,2021-07-16,4
Century Theatres,2021-07-16,68
Champion,2021-07-16,60
Chewy,2021-07-16,96
Fatburger,2021-07-16,116
Janie And Jack,2021-07-16,58
Air New Zealand,2021-07-17,2
Century Theatres,2021-07-17,53
Champion,2021-07-17,42
Chewy,2021-07-17,48
Fatburger,2021-07-17,107
Janie And Jack,2021-07-17,40
Air New Zealand,2021-07-18,4
Century Theatres,2021-07-18,8
Champion,2021-07-18,26
Chewy,2021-07-18,31
Fatburger,2021-07-18,35
Janie And Jack,2021-07-18,18
Air New Zealand,2021-07-19,2
Century Theatres,2021-07-19,13
Champion,2021-07-19,45
Chewy,2021-07-19,57
Fatburger,2021-07-19,102
Janie And Jack,2021-07-19,44
Air New Zealand,2021-07-20,1
Century Theatres,2021-07-20,17
Champion,2021-07-20,9
Chewy,2021-07-20,12
Fatburger,2021-07-20,95
Janie And Jack,2021-07-20,10
Air New Zealand,2021-07-21,4
Century Theatres,2021-07-21,20
Champion,2021-07-21,45
Chewy,2021-07-21,22
Fatburger,2021-07-21,81
Janie And Jack,2021-07-21,46
Air New Zealand,2021-07-22,1
Century Theatres,2021-07-22,82
Champion,2021-07-22,59
Chewy,2021-07-22,50
Fatburger,2021-07-22,154
Janie And Jack,2021-07-22,46
Air New Zealand,2021-07-23,14
Century Theatres,2021-07-23,56
Champion,2021-07-23,69
Chewy,2021-07-23,223
Fatburger,2021-07-23,129
Janie And Jack,2021-07-23,85
Air New Zealand,2021-07-24,2
Century Theatres,2021-07-24,25
Champion,2021-07-24,81
Chewy,2021-07-24,35
Fatburger,2021-07-24,125
Janie And Jack,2021-07-24,58
Century Theatres,2021-07-25,13
Champion,2021-07-25,40
Chewy,2021-07-25,24
Fatburger,2021-07-25,34
Janie And Jack,2021-07-25,28
Air New Zealand,2021-07-26,8
Century Theatres,2021-07-26,36
Champion,2021-07-26,50
Chewy,2021-07-26,200
Fatburger,2021-07-26,127
Janie And Jack,2021-07-26,58
Century Theatres,2021-07-27,11
Champion,2021-07-27,6
Chewy,2021-07-27,16
Fatburger,2021-07-27,7
Janie And Jack,2021-07-27,4
Air New Zealand,2021-07-28,1
Century Theatres,2021-07-28,58
Champion,2021-07-28,53
Chewy,2021-07-28,26
Fatburger,2021-07-28,109
Janie And Jack,2021-07-28,53
Air New Zealand,2021-07-29,5
Century Theatres,2021-07-29,39
Chewy,2021-07-29,58
Champion,2021-07-29,52
Fatburger,2021-07-29,75
Janie And Jack,2021-07-29,49
Air New Zealand,2021-07-30,1
Century Theatres,2021-07-30,53
Champion,2021-07-30,50
Chewy,2021-07-30,71
Fatburger,2021-07-30,82
Janie And Jack,2021-07-30,39
Air New Zealand,2021-07-31,5
Century Theatres,2021-07-31,18
Champion,2021-07-31,55
Chewy,2021-07-31,70
Fatburger,2021-07-31,57
Janie And Jack,2021-07-31,46
Air New Zealand,2021-08-01,2
Century Theatres,2021-08-01,6
Champion,2021-08-01,44
Chewy,2021-08-01,30
Fatburger,2021-08-01,27
Janie And Jack,2021-08-01,18
Century Theatres,2021-08-02,9
Champion,2021-08-02,53
Chewy,2021-08-02,62
Fatburger,2021-08-02,45
Janie And Jack,2021-08-02,31
Air New Zealand,2021-08-03,3
Century Theatres,2021-08-03,17
Champion,2021-08-03,16
Chewy,2021-08-03,11
Fatburger,2021-08-03,41
Janie And Jack,2021-08-03,19
Air New Zealand,2021-08-04,1
Century Theatres,2021-08-04,10
Champion,2021-08-04,41
Chewy,2021-08-04,23
Fatburger,2021-08-04,37
Janie And Jack,2021-08-04,23
Air New Zealand,2021-08-05,2
Century Theatres,2021-08-05,99
Champion,2021-08-05,73
Chewy,2021-08-05,53
Fatburger,2021-08-05,134
Janie And Jack,2021-08-05,73
Air New Zealand,2021-08-06,1
Century Theatres,2021-08-06,32
Champion,2021-08-06,38
Chewy,2021-08-06,68
Fatburger,2021-08-06,57
Janie And Jack,2021-08-06,32
Air New Zealand,2021-08-07,4
Century Theatres,2021-08-07,19
Champion,2021-08-07,45
Chewy,2021-08-07,40
Fatburger,2021-08-07,87
Janie And Jack,2021-08-07,34
Air New Zealand,2021-08-08,3
Century Theatres,2021-08-08,23
Champion,2021-08-08,45
Chewy,2021-08-08,39
Fatburger,2021-08-08,70
Janie And Jack,2021-08-08,34
Century Theatres,2021-08-09,15
Champion,2021-08-09,37
Chewy,2021-08-09,30
Fatburger,2021-08-09,51
Janie And Jack,2021-08-09,20
Air New Zealand,2021-08-10,1
Century Theatres,2021-08-10,10
Champion,2021-08-10,18
Chewy,2021-08-10,41
Fatburger,2021-08-10,34
Janie And Jack,2021-08-10,13
Air New Zealand,2021-08-11,3
Century Theatres,2021-08-11,53
Champion,2021-08-11,65
Chewy,2021-08-11,16
Fatburger,2021-08-11,105
Janie And Jack,2021-08-11,33
Air New Zealand,2021-08-12,1
Century Theatres,2021-08-12,26
Champion,2021-08-12,62
Chewy,2021-08-12,48
Fatburger,2021-08-12,91
Janie And Jack,2021-08-12,56
Air New Zealand,2021-08-13,3
Century Theatres,2021-08-13,41
Champion,2021-08-13,56
Chewy,2021-08-13,85
Fatburger,2021-08-13,62
Janie And Jack,2021-08-13,37
Air New Zealand,2021-08-14,1
Century Theatres,2021-08-14,23
Champion,2021-08-14,67
Chewy,2021-08-14,62
Fatburger,2021-08-14,59
Janie And Jack,2021-08-14,32
Air New Zealand,2021-08-15,3
Century Theatres,2021-08-15,8
Champion,2021-08-15,61
Chewy,2021-08-15,28
Fatburger,2021-08-15,39
Janie And Jack,2021-08-15,30
Air New Zealand,2021-08-16,4
Century Theatres,2021-08-16,22
Champion,2021-08-16,65
Chewy,2021-08-16,85
Fatburger,2021-08-16,87
Janie And Jack,2021-08-16,46
Air New Zealand,2021-08-17,2
Century Theatres,2021-08-17,13
Champion,2021-08-17,23
Chewy,2021-08-17,13
Fatburger,2021-08-17,29
Janie And Jack,2021-08-17,21
Air New Zealand,2021-08-18,5
Century Theatres,2021-08-18,86
Champion,2021-08-18,111
Chewy,2021-08-18,74
Fatburger,2021-08-18,225
Janie And Jack,2021-08-18,89
Air New Zealand,2021-08-19,1
Century Theatres,2021-08-19,39
Chewy,2021-08-19,59
Champion,2021-08-19,94
Janie And Jack,2021-08-19,42
Fatburger,2021-08-19,53
Air New Zealand,2021-08-20,3
Century Theatres,2021-08-20,30
Champion,2021-08-20,70
Chewy,2021-08-20,64
Fatburger,2021-08-20,64
Janie And Jack,2021-08-20,57
Air New Zealand,2021-08-21,3
Century Theatres,2021-08-21,182
Champion,2021-08-21,151
Chewy,2021-08-21,205
Fatburger,2021-08-21,363
Janie And Jack,2021-08-21,178
Air New Zealand,2021-08-22,3
Century Theatres,2021-08-22,9
Champion,2021-08-22,57
Chewy,2021-08-22,30
Fatburger,2021-08-22,34
Janie And Jack,2021-08-22,45
Century Theatres,2021-08-23,15
Champion,2021-08-23,58
Chewy,2021-08-23,116
Fatburger,2021-08-23,72
Janie And Jack,2021-08-23,34
Air New Zealand,2021-08-23,3
Century Theatres,2021-08-24,5
Champion,2021-08-24,16
Chewy,2021-08-24,14
Fatburger,2021-08-24,16
Janie And Jack,2021-08-24,14
Air New Zealand,2021-08-24,1
Air New Zealand,2021-08-25,4
Century Theatres,2021-08-25,62
Champion,2021-08-25,61
Chewy,2021-08-25,23
Fatburger,2021-08-25,127
Janie And Jack,2021-08-25,69
Air New Zealand,2021-08-26,3
Century Theatres,2021-08-26,27
Champion,2021-08-26,104
Chewy,2021-08-26,68
Fatburger,2021-08-26,77
Janie And Jack,2021-08-26,85
Air New Zealand,2021-08-27,1
Century Theatres,2021-08-27,43
Champion,2021-08-27,52
Chewy,2021-08-27,98
Fatburger,2021-08-27,93
Janie And Jack,2021-08-27,53
Century Theatres,2021-08-28,19
Champion,2021-08-28,59
Chewy,2021-08-28,63
Fatburger,2021-08-28,48
Janie And Jack,2021-08-28,48
Air New Zealand,2021-08-29,2
Century Theatres,2021-08-29,5
Champion,2021-08-29,26
Chewy,2021-08-29,20
Fatburger,2021-08-29,7
Janie And Jack,2021-08-29,23
Air New Zealand,2021-08-30,3
Century Theatres,2021-08-30,12
Champion,2021-08-30,45
Chewy,2021-08-30,20
Fatburger,2021-08-30,16
Janie And Jack,2021-08-30,37
Century Theatres,2021-08-31,15
Champion,2021-08-31,20
Fatburger,2021-08-31,37
Janie And Jack,2021-08-31,10
Chewy,2021-08-31,57
Air New Zealand,2021-09-01,2
Century Theatres,2021-09-01,9
Champion,2021-09-01,47
Chewy,2021-09-01,27
Fatburger,2021-09-01,29
Janie And Jack,2021-09-01,21
Air New Zealand,2021-09-02,2
Century Theatres,2021-09-02,9
Champion,2021-09-02,42
Chewy,2021-09-02,37
Fatburger,2021-09-02,42
Janie And Jack,2021-09-02,44
Champion,2021-09-03,72
Century Theatres,2021-09-03,77
Air New Zealand,2021-09-03,3
Chewy,2021-09-03,92
Fatburger,2021-09-03,146
Janie And Jack,2021-09-03,47
Air New Zealand,2021-09-04,1
Century Theatres,2021-09-04,20
Champion,2021-09-04,64
Chewy,2021-09-04,40
Fatburger,2021-09-04,55
Janie And Jack,2021-09-04,32
Air New Zealand,2021-09-05,1
Century Theatres,2021-09-05,6
Champion,2021-09-05,38
Chewy,2021-09-05,38
Fatburger,2021-09-05,38
Janie And Jack,2021-09-05,43
Air New Zealand,2021-09-06,6
Champion,2021-09-06,36
Century Theatres,2021-09-06,6
Chewy,2021-09-06,29
Fatburger,2021-09-06,36
Janie And Jack,2021-09-06,38
Air New Zealand,2021-09-07,1
Century Theatres,2021-09-07,10
Champion,2021-09-07,9
Chewy,2021-09-07,2
Fatburger,2021-09-07,61
Janie And Jack,2021-09-07,24
Air New Zealand,2021-09-08,18
Century Theatres,2021-09-08,48
Champion,2021-09-08,117
Chewy,2021-09-08,60
Fatburger,2021-09-08,179
Janie And Jack,2021-09-08,105
Air New Zealand,2021-09-09,9
Century Theatres,2021-09-09,120
Champion,2021-09-09,97
Chewy,2021-09-09,58
Fatburger,2021-09-09,248
Janie And Jack,2021-09-09,115
Air New Zealand,2021-09-10,8
Century Theatres,2021-09-10,31
Champion,2021-09-10,117
Chewy,2021-09-10,79
Fatburger,2021-09-10,150
Janie And Jack,2021-09-10,104
Champion,2021-09-11,25
Fatburger,2021-09-11,64
Century Theatres,2021-09-11,74
Chewy,2021-09-11,77
Janie And Jack,2021-09-11,36
Air New Zealand,2021-09-12,9
Century Theatres,2021-09-12,59
Champion,2021-09-12,53
Chewy,2021-09-12,52
Fatburger,2021-09-12,105
Janie And Jack,2021-09-12,55
Air New Zealand,2021-09-13,1
Century Theatres,2021-09-13,8
Champion,2021-09-13,11
Chewy,2021-09-13,65
Fatburger,2021-09-13,20
Janie And Jack,2021-09-13,19
Century Theatres,2021-09-14,44
Champion,2021-09-14,83
Chewy,2021-09-14,25
Fatburger,2021-09-14,101
Air New Zealand,2021-09-14,8
Janie And Jack,2021-09-14,58
Air New Zealand,2021-09-15,4
Century Theatres,2021-09-15,22
Champion,2021-09-15,52
Chewy,2021-09-15,23
Fatburger,2021-09-15,59
Janie And Jack,2021-09-15,44
Air New Zealand,2021-09-16,1
Century Theatres,2021-09-16,41
Champion,2021-09-16,85
Chewy,2021-09-16,55
Fatburger,2021-09-16,114
Janie And Jack,2021-09-16,72
Air New Zealand,2021-09-17,2
Century Theatres,2021-09-17,35
Champion,2021-09-17,52
Chewy,2021-09-17,90
Fatburger,2021-09-17,59
Janie And Jack,2021-09-17,31
Air New Zealand,2021-09-18,2
Century Theatres,2021-09-18,21
Champion,2021-09-18,49
Chewy,2021-09-18,38
Fatburger,2021-09-18,63
Janie And Jack,2021-09-18,45
Air New Zealand,2021-09-19,3
Century Theatres,2021-09-19,11
Champion,2021-09-19,28
Chewy,2021-09-19,19
Fatburger,2021-09-19,18
Janie And Jack,2021-09-19,29
Air New Zealand,2021-09-20,5
Century Theatres,2021-09-20,14
Champion,2021-09-20,48
Chewy,2021-09-20,111
Fatburger,2021-09-20,43
Janie And Jack,2021-09-20,38
Air New Zealand,2021-09-21,1
Century Theatres,2021-09-21,10
Champion,2021-09-21,20
Chewy,2021-09-21,15
Fatburger,2021-09-21,35
Janie And Jack,2021-09-21,12
Air New Zealand,2021-09-22,1
Century Theatres,2021-09-22,15
Champion,2021-09-22,48
Chewy,2021-09-22,30
Fatburger,2021-09-22,58
Janie And Jack,2021-09-22,30
Century Theatres,2021-09-23,33
Champion,2021-09-23,72
Chewy,2021-09-23,74
Fatburger,2021-09-23,95
Janie And Jack,2021-09-23,63
Air New Zealand,2021-09-24,6
Century Theatres,2021-09-24,29
Champion,2021-09-24,51
Chewy,2021-09-24,80
Fatburger,2021-09-24,65
Janie And Jack,2021-09-24,42
Air New Zealand,2021-09-25,3
Century Theatres,2021-09-25,11
Chewy,2021-09-25,46
Fatburger,2021-09-25,35
Janie And Jack,2021-09-25,49
Champion,2021-09-25,46
Century Theatres,2021-09-26,4
Champion,2021-09-26,43
Fatburger,2021-09-26,14
Janie And Jack,2021-09-26,17
Chewy,2021-09-26,32
Air New Zealand,2021-09-27,1
Century Theatres,2021-09-27,8
Champion,2021-09-27,81
Chewy,2021-09-27,97
Fatburger,2021-09-27,55
Janie And Jack,2021-09-27,54
Century Theatres,2021-09-28,11
Champion,2021-09-28,24
Chewy,2021-09-28,7
Fatburger,2021-09-28,63
Janie And Jack,2021-09-28,23
Air New Zealand,2021-09-29,2
Century Theatres,2021-09-29,41
Champion,2021-09-29,103
Chewy,2021-09-29,20
Fatburger,2021-09-29,119
Janie And Jack,2021-09-29,99
Air New Zealand,2021-09-30,3
Century Theatres,2021-09-30,15
Champion,2021-09-30,88
Chewy,2021-09-30,63
Fatburger,2021-09-30,64
Janie And Jack,2021-09-30,79
Air New Zealand,2021-10-01,3
Century Theatres,2021-10-01,24
Champion,2021-10-01,61
Chewy,2021-10-01,69
Fatburger,2021-10-01,83
Janie And Jack,2021-10-01,57
Air New Zealand,2021-10-02,2
Century Theatres,2021-10-02,5
Champion,2021-10-02,70
Chewy,2021-10-02,46
Fatburger,2021-10-02,49
Janie And Jack,2021-10-02,50
Air New Zealand,2021-10-03,1
Century Theatres,2021-10-03,10
Champion,2021-10-03,62
Chewy,2021-10-03,15
Fatburger,2021-10-03,45
Janie And Jack,2021-10-03,43
Air New Zealand,2021-10-04,5
Century Theatres,2021-10-04,12
Champion,2021-10-04,48
Chewy,2021-10-04,38
Fatburger,2021-10-04,25
Janie And Jack,2021-10-04,35
Air New Zealand,2021-10-05,1
Century Theatres,2021-10-05,19
Champion,2021-10-05,18
Chewy,2021-10-05,34
Fatburger,2021-10-05,55
Janie And Jack,2021-10-05,28
Air New Zealand,2021-10-06,2
Century Theatres,2021-10-06,99
Champion,2021-10-06,41
Chewy,2021-10-06,29
Fatburger,2021-10-06,98
Janie And Jack,2021-10-06,51
Air New Zealand,2021-10-07,2
Century Theatres,2021-10-07,21
Champion,2021-10-07,66
Chewy,2021-10-07,55
Fatburger,2021-10-07,62
Janie And Jack,2021-10-07,41
Air New Zealand,2021-10-08,5
Century Theatres,2021-10-08,66
Champion,2021-10-08,58
Chewy,2021-10-08,70
Fatburger,2021-10-08,56
Janie And Jack,2021-10-08,31
Century Theatres,2021-10-09,17
Champion,2021-10-09,55
Chewy,2021-10-09,78
Fatburger,2021-10-09,51
Janie And Jack,2021-10-09,42
Air New Zealand,2021-10-10,4
Century Theatres,2021-10-10,7
Champion,2021-10-10,36
Chewy,2021-10-10,42
Fatburger,2021-10-10,27
Janie And Jack,2021-10-10,31
Century Theatres,2021-10-11,10
Champion,2021-10-11,41
Air New Zealand,2021-10-11,3
Chewy,2021-10-11,57
Fatburger,2021-10-11,47
Janie And Jack,2021-10-11,34
Century Theatres,2021-10-12,13
Champion,2021-10-12,23
Chewy,2021-10-12,7
Fatburger,2021-10-12,41
Janie And Jack,2021-10-12,17
Air New Zealand,2021-10-13,1
Century Theatres,2021-10-13,11
Champion,2021-10-13,22
Chewy,2021-10-13,41
Fatburger,2021-10-13,37
Janie And Jack,2021-10-13,37
Air New Zealand,2021-10-14,1
Century Theatres,2021-10-14,12
Champion,2021-10-14,44
Chewy,2021-10-14,69
Fatburger,2021-10-14,38
Janie And Jack,2021-10-14,21
Air New Zealand,2021-10-15,2
Century Theatres,2021-10-15,86
Champion,2021-10-15,79
Chewy,2021-10-15,51
Fatburger,2021-10-15,69
Janie And Jack,2021-10-15,77
Air New Zealand,2021-10-16,4
Century Theatres,2021-10-16,45
Champion,2021-10-16,57
Chewy,2021-10-16,99
Fatburger,2021-10-16,73
Janie And Jack,2021-10-16,51
Air New Zealand,2021-10-17,2
Century Theatres,2021-10-17,12
Champion,2021-10-17,35
Chewy,2021-10-17,22
Fatburger,2021-10-17,21
Janie And Jack,2021-10-17,29
Air New Zealand,2021-10-18,2
Century Theatres,2021-10-18,12
Champion,2021-10-18,32
Chewy,2021-10-18,111
Fatburger,2021-10-18,54
Janie And Jack,2021-10-18,34
Century Theatres,2021-10-19,4
Champion,2021-10-19,1
Chewy,2021-10-19,3
Fatburger,2021-10-19,18
Janie And Jack,2021-10-19,11
Air New Zealand,2021-10-20,3
Century Theatres,2021-10-20,58
Champion,2021-10-20,45
Chewy,2021-10-20,29
Fatburger,2021-10-20,64
Janie And Jack,2021-10-20,49
Air New Zealand,2021-10-21,1
Champion,2021-10-21,57
Century Theatres,2021-10-21,24
Chewy,2021-10-21,105
Fatburger,2021-10-21,50
Janie And Jack,2021-10-21,53
Air New Zealand,2021-10-22,4
Century Theatres,2021-10-22,40
Champion,2021-10-22,40
Chewy,2021-10-22,71
Fatburger,2021-10-22,75
Janie And Jack,2021-10-22,38
Air New Zealand,2021-10-23,1
Century Theatres,2021-10-23,13
Champion,2021-10-23,60
Chewy,2021-10-23,49
Fatburger,2021-10-23,26
Janie And Jack,2021-10-23,39
Air New Zealand,2021-10-24,2
Champion,2021-10-24,41
Chewy,2021-10-24,46
Fatburger,2021-10-24,19
Janie And Jack,2021-10-24,19
Century Theatres,2021-10-24,6
Air New Zealand,2021-10-25,2
Century Theatres,2021-10-25,15
Champion,2021-10-25,49
Chewy,2021-10-25,79
Janie And Jack,2021-10-25,35
Fatburger,2021-10-25,51
Champion,2021-10-26,4
Chewy,2021-10-26,5
Fatburger,2021-10-26,10
Janie And Jack,2021-10-26,9
Century Theatres,2021-10-26,4
Century Theatres,2021-10-27,56
Champion,2021-10-27,54
Fatburger,2021-10-27,46
Janie And Jack,2021-10-27,55
Chewy,2021-10-27,28
Century Theatres,2021-10-28,39
Champion,2021-10-28,55
Chewy,2021-10-28,38
Fatburger,2021-10-28,64
Janie And Jack,2021-10-28,45
Century Theatres,2021-10-29,25
Champion,2021-10-29,74
Chewy,2021-10-29,86
Fatburger,2021-10-29,61
Janie And Jack,2021-10-29,48
Air New Zealand,2021-10-30,2
Century Theatres,2021-10-30,17
Champion,2021-10-30,48
Chewy,2021-10-30,23
Fatburger,2021-10-30,25
Janie And Jack,2021-10-30,33
Air New Zealand,2021-10-31,1
Century Theatres,2021-10-31,6
Champion,2021-10-31,45
Chewy,2021-10-31,26
Fatburger,2021-10-31,30
Janie And Jack,2021-10-31,17
Century Theatres,2021-11-01,8
Champion,2021-11-01,50
Chewy,2021-11-01,56
Fatburger,2021-11-01,33
Janie And Jack,2021-11-01,26
Century Theatres,2021-11-02,6
Champion,2021-11-02,7
Chewy,2021-11-02,3
Fatburger,2021-11-02,43
Janie And Jack,2021-11-02,12
Air New Zealand,2021-11-03,5
Century Theatres,2021-11-03,29
Champion,2021-11-03,58
Chewy,2021-11-03,19
Fatburger,2021-11-03,73
Janie And Jack,2021-11-03,33
Air New Zealand,2021-11-04,6
Century Theatres,2021-11-04,675
Champion,2021-11-04,146
Chewy,2021-11-04,1287
Fatburger,2021-11-04,435
Janie And Jack,2021-11-04,64
Air New Zealand,2021-11-05,1
Century Theatres,2021-11-05,58
Champion,2021-11-05,58
Chewy,2021-11-05,81
Fatburger,2021-11-05,52
Janie And Jack,2021-11-05,46
Air New Zealand,2021-11-06,4
Century Theatres,2021-11-06,16
Champion,2021-11-06,46
Chewy,2021-11-06,88
Fatburger,2021-11-06,40
Janie And Jack,2021-11-06,20
Air New Zealand,2021-11-07,2
Century Theatres,2021-11-07,12
Champion,2021-11-07,46
Chewy,2021-11-07,54
Fatburger,2021-11-07,39
Janie And Jack,2021-11-07,23
Air New Zealand,2021-11-08,2
Century Theatres,2021-11-08,18
Champion,2021-11-08,45
Chewy,2021-11-08,72
Fatburger,2021-11-08,42
Janie And Jack,2021-11-08,30
Air New Zealand,2021-11-09,2
Century Theatres,2021-11-09,49
Champion,2021-11-09,23
Chewy,2021-11-09,72
Fatburger,2021-11-09,125
Janie And Jack,2021-11-09,38
Air New Zealand,2021-11-10,1
Century Theatres,2021-11-10,78
Champion,2021-11-10,63
Chewy,2021-11-10,48
Fatburger,2021-11-10,80
Janie And Jack,2021-11-10,59
Air New Zealand,2021-11-11,4
Century Theatres,2021-11-11,56
Champion,2021-11-11,82
Chewy,2021-11-11,106
Fatburger,2021-11-11,93
Janie And Jack,2021-11-11,70
Air New Zealand,2021-11-12,3
Century Theatres,2021-11-12,94
Champion,2021-11-12,53
Chewy,2021-11-12,70
Fatburger,2021-11-12,71
Janie And Jack,2021-11-12,40
Air New Zealand,2021-11-13,2
Century Theatres,2021-11-13,22
Champion,2021-11-13,22
Chewy,2021-11-13,62
Fatburger,2021-11-13,28
Janie And Jack,2021-11-13,13
Century Theatres,2021-11-14,34
Champion,2021-11-14,42
Fatburger,2021-11-14,60
Chewy,2021-11-14,71
Air New Zealand,2021-11-14,1
Janie And Jack,2021-11-14,30
Century Theatres,2021-11-15,23
Champion,2021-11-15,57
Chewy,2021-11-15,66
Air New Zealand,2021-11-15,4
Fatburger,2021-11-15,64
Janie And Jack,2021-11-15,36
Century Theatres,2021-11-16,14
Champion,2021-11-16,11
Chewy,2021-11-16,41
Fatburger,2021-11-16,17
Janie And Jack,2021-11-16,4
Air New Zealand,2021-11-17,3
Century Theatres,2021-11-17,38
Champion,2021-11-17,43
Chewy,2021-11-17,65
Fatburger,2021-11-17,56
Janie And Jack,2021-11-17,47
Air New Zealand,2021-11-18,1
Century Theatres,2021-11-18,69
Champion,2021-11-18,72
Chewy,2021-11-18,115
Fatburger,2021-11-18,94
Janie And Jack,2021-11-18,79
Air New Zealand,2021-11-19,5
Century Theatres,2021-11-19,49
Chewy,2021-11-19,60
Fatburger,2021-11-19,48
Champion,2021-11-19,49
Janie And Jack,2021-11-19,55
Air New Zealand,2021-11-20,13
Century Theatres,2021-11-20,27
Champion,2021-11-20,42
Chewy,2021-11-20,62
Fatburger,2021-11-20,56
Janie And Jack,2021-11-20,38
Air New Zealand,2021-11-21,1
Century Theatres,2021-11-21,11
Champion,2021-11-21,11
Chewy,2021-11-21,62
Fatburger,2021-11-21,24
Janie And Jack,2021-11-21,9
Air New Zealand,2021-11-22,9
Century Theatres,2021-11-22,33
Champion,2021-11-22,62
Chewy,2021-11-22,58
Fatburger,2021-11-22,63
Janie And Jack,2021-11-22,46
Century Theatres,2021-11-23,28
Champion,2021-11-23,12
Chewy,2021-11-23,28
Fatburger,2021-11-23,23
Janie And Jack,2021-11-23,5
Air New Zealand,2021-11-24,3
Century Theatres,2021-11-24,18
Champion,2021-11-24,57
Chewy,2021-11-24,32
Fatburger,2021-11-24,36
Janie And Jack,2021-11-24,20
Air New Zealand,2021-11-25,13
Century Theatres,2021-11-25,83
Champion,2021-11-25,65
Chewy,2021-11-25,90
Fatburger,2021-11-25,88
Janie And Jack,2021-11-25,63
Century Theatres,2021-11-26,44
Champion,2021-11-26,59
Chewy,2021-11-26,56
Air New Zealand,2021-11-26,6
Fatburger,2021-11-26,56
Janie And Jack,2021-11-26,34
Air New Zealand,2021-11-27,12
Century Theatres,2021-11-27,24
Champion,2021-11-27,29
Chewy,2021-11-27,29
Fatburger,2021-11-27,42
Janie And Jack,2021-11-27,23
Air New Zealand,2021-11-28,9
Century Theatres,2021-11-28,18
Champion,2021-11-28,48
Chewy,2021-11-28,54
Fatburger,2021-11-28,24
Janie And Jack,2021-11-28,26
Air New Zealand,2021-11-29,57
Century Theatres,2021-11-29,43
Champion,2021-11-29,59
Chewy,2021-11-29,61
Fatburger,2021-11-29,112
Janie And Jack,2021-11-29,39
Air New Zealand,2021-11-30,1
Champion,2021-11-30,35
Chewy,2021-11-30,34
Century Theatres,2021-11-30,31
Fatburger,2021-11-30,28
Janie And Jack,2021-11-30,25
Air New Zealand,2021-12-01,16
Century Theatres,2021-12-01,80
Champion,2021-12-01,66
Chewy,2021-12-01,50
Fatburger,2021-12-01,64
Janie And Jack,2021-12-01,59
Air New Zealand,2021-12-02,35
Century Theatres,2021-12-02,38
Champion,2021-12-02,68
Chewy,2021-12-02,89
Fatburger,2021-12-02,57
Janie And Jack,2021-12-02,58
Air New Zealand,2021-12-03,46
Century Theatres,2021-12-03,44
Champion,2021-12-03,48
Chewy,2021-12-03,78
Fatburger,2021-12-03,35
Janie And Jack,2021-12-03,55
Air New Zealand,2021-12-04,26
Century Theatres,2021-12-04,21
Champion,2021-12-04,57
Chewy,2021-12-04,62
Fatburger,2021-12-04,42
Janie And Jack,2021-12-04,48
Air New Zealand,2021-12-05,8
Century Theatres,2021-12-05,9
Champion,2021-12-05,27
Chewy,2021-12-05,79
Fatburger,2021-12-05,23
Janie And Jack,2021-12-05,26
Air New Zealand,2021-12-06,5
Century Theatres,2021-12-06,18
Champion,2021-12-06,57
Chewy,2021-12-06,72
Fatburger,2021-12-06,36
Janie And Jack,2021-12-06,50
Century Theatres,2021-12-07,12
Champion,2021-12-07,14
Chewy,2021-12-07,27
Fatburger,2021-12-07,44
Air New Zealand,2021-12-07,2
Janie And Jack,2021-12-07,14
Air New Zealand,2021-12-08,18
Century Theatres,2021-12-08,27
Champion,2021-12-08,78
Chewy,2021-12-08,64
Fatburger,2021-12-08,44
Janie And Jack,2021-12-08,44
Air New Zealand,2021-12-09,13
Century Theatres,2021-12-09,22
Champion,2021-12-09,97
Chewy,2021-12-09,118
Fatburger,2021-12-09,66
Janie And Jack,2021-12-09,80
Air New Zealand,2021-12-10,14
Century Theatres,2021-12-10,23
Champion,2021-12-10,48
Chewy,2021-12-10,113
Fatburger,2021-12-10,63
Janie And Jack,2021-12-10,35
Air New Zealand,2021-12-11,11
Century Theatres,2021-12-11,11
Champion,2021-12-11,45
Chewy,2021-12-11,73
Fatburger,2021-12-11,39
Janie And Jack,2021-12-11,28
Air New Zealand,2021-12-12,4
Century Theatres,2021-12-12,6
Champion,2021-12-12,41
Chewy,2021-12-12,60
Fatburger,2021-12-12,19
Janie And Jack,2021-12-12,32
Air New Zealand,2021-12-13,15
Century Theatres,2021-12-13,18
Champion,2021-12-13,67
Chewy,2021-12-13,76
Fatburger,2021-12-13,73
Janie And Jack,2021-12-13,52
Air New Zealand,2021-12-14,1
Century Theatres,2021-12-14,6
Champion,2021-12-14,22
Chewy,2021-12-14,15
Fatburger,2021-12-14,16
Janie And Jack,2021-12-14,8
Air New Zealand,2021-12-15,15
Century Theatres,2021-12-15,32
Champion,2021-12-15,79
Chewy,2021-12-15,29
Fatburger,2021-12-15,81
Janie And Jack,2021-12-15,50
Air New Zealand,2021-12-16,39
Century Theatres,2021-12-16,34
Chewy,2021-12-16,214
Fatburger,2021-12-16,108
Champion,2021-12-16,77
Janie And Jack,2021-12-16,97
Air New Zealand,2021-12-18,30
Century Theatres,2021-12-18,26
Champion,2021-12-18,65
Chewy,2021-12-18,361
Fatburger,2021-12-18,111
Janie And Jack,2021-12-18,40
Air New Zealand,2021-12-19,28
Champion,2021-12-19,42
Century Theatres,2021-12-19,55
Chewy,2021-12-19,264
Fatburger,2021-12-19,63
Janie And Jack,2021-12-19,33
Air New Zealand,2021-12-20,39
Century Theatres,2021-12-20,117
Champion,2021-12-20,61
Chewy,2021-12-20,119
Fatburger,2021-12-20,81
Janie And Jack,2021-12-20,35
Century Theatres,2021-12-21,98
Air New Zealand,2021-12-21,31
Chewy,2021-12-21,134
Fatburger,2021-12-21,119
Champion,2021-12-21,85
Janie And Jack,2021-12-21,74
Air New Zealand,2021-12-22,20
Century Theatres,2021-12-22,71
Champion,2021-12-22,50
Chewy,2021-12-22,81
Fatburger,2021-12-22,63
Janie And Jack,2021-12-22,58
Air New Zealand,2021-12-23,60
Century Theatres,2021-12-23,371
Champion,2021-12-23,57
Chewy,2021-12-23,147
Fatburger,2021-12-23,121
Janie And Jack,2021-12-23,94
Air New Zealand,2021-12-24,33
Century Theatres,2021-12-24,206
Champion,2021-12-24,70
Chewy,2021-12-24,184
Fatburger,2021-12-24,50
Janie And Jack,2021-12-24,43
Air New Zealand,2021-12-25,24
Century Theatres,2021-12-25,218
Champion,2021-12-25,64
Chewy,2021-12-25,120
Fatburger,2021-12-25,74
Janie And Jack,2021-12-25,66
Air New Zealand,2021-12-26,23
Century Theatres,2021-12-26,78
Champion,2021-12-26,42
Chewy,2021-12-26,75
Fatburger,2021-12-26,56
Janie And Jack,2021-12-26,28
Air New Zealand,2021-12-27,30
Century Theatres,2021-12-27,106
Champion,2021-12-27,45
Fatburger,2021-12-27,49
Janie And Jack,2021-12-27,36
Chewy,2021-12-27,77
Century Theatres,2021-12-28,94
Chewy,2021-12-28,31
Champion,2021-12-28,8
Fatburger,2021-12-28,3
Janie And Jack,2021-12-28,4
Air New Zealand,2021-12-29,57
Century Theatres,2021-12-29,298
Champion,2021-12-29,43
Chewy,2021-12-29,100
Fatburger,2021-12-29,94
Janie And Jack,2021-12-29,39
Century Theatres,2021-12-30,109
Champion,2021-12-30,40
Chewy,2021-12-30,113
Air New Zealand,2021-12-30,41
Fatburger,2021-12-30,53
Janie And Jack,2021-12-30,33
Air New Zealand,2021-12-31,27
Century Theatres,2021-12-31,196
Champion,2021-12-31,49
Chewy,2021-12-31,137
Fatburger,2021-12-31,81
Janie And Jack,2021-12-31,82
Air New Zealand,2022-01-01,34
Century Theatres,2022-01-01,97
Champion,2022-01-01,39
Chewy,2022-01-01,63
Janie And Jack,2022-01-01,32
Fatburger,2022-01-01,81
Air New Zealand,2022-01-02,18
Century Theatres,2022-01-02,51
Champion,2022-01-02,53
Chewy,2022-01-02,38
Fatburger,2022-01-02,53
Janie And Jack,2022-01-02,32
Air New Zealand,2022-01-03,10
Champion,2022-01-03,26
Chewy,2022-01-03,48
Fatburger,2022-01-03,46
Century Theatres,2022-01-03,47
Janie And Jack,2022-01-03,31
Air New Zealand,2022-01-04,3
Century Theatres,2022-01-04,45
Champion,2022-01-04,11
Chewy,2022-01-04,38
Fatburger,2022-01-04,60
Janie And Jack,2022-01-04,16
Air New Zealand,2022-01-05,33
Century Theatres,2022-01-05,109
Champion,2022-01-05,35
Chewy,2022-01-05,54
Fatburger,2022-01-05,142
Janie And Jack,2022-01-05,47
Air New Zealand,2022-01-06,30
Century Theatres,2022-01-06,58
Champion,2022-01-06,58
Chewy,2022-01-06,95
Fatburger,2022-01-06,77
Janie And Jack,2022-01-06,49
Air New Zealand,2022-01-07,12
Century Theatres,2022-01-07,74
Champion,2022-01-07,46
Chewy,2022-01-07,76
Fatburger,2022-01-07,39
Janie And Jack,2022-01-07,35
Air New Zealand,2022-01-08,28
Century Theatres,2022-01-08,48
Champion,2022-01-08,56
Chewy,2022-01-08,78
Fatburger,2022-01-08,78
Janie And Jack,2022-01-08,32
Air New Zealand,2022-01-09,29
Century Theatres,2022-01-09,20
Champion,2022-01-09,29
Chewy,2022-01-09,66
Fatburger,2022-01-09,40
Janie And Jack,2022-01-09,22
Air New Zealand,2022-01-10,25
Century Theatres,2022-01-10,30
Champion,2022-01-10,35
Chewy,2022-01-10,56
Fatburger,2022-01-10,65
Janie And Jack,2022-01-10,29
Air New Zealand,2022-01-11,8
Century Theatres,2022-01-11,30
Champion,2022-01-11,12
Fatburger,2022-01-11,22
Chewy,2022-01-11,35
Janie And Jack,2022-01-11,18
Air New Zealand,2022-01-12,35
Century Theatres,2022-01-12,40
Champion,2022-01-12,40
Chewy,2022-01-12,54
Fatburger,2022-01-12,76
Janie And Jack,2022-01-12,39
Air New Zealand,2022-01-13,36
Century Theatres,2022-01-13,43
Champion,2022-01-13,53
Chewy,2022-01-13,69
Fatburger,2022-01-13,56
Janie And Jack,2022-01-13,34
Air New Zealand,2022-01-14,24
Century Theatres,2022-01-14,48
Champion,2022-01-14,57
Chewy,2022-01-14,111
Fatburger,2022-01-14,80
Janie And Jack,2022-01-14,27
Air New Zealand,2022-01-15,15
Champion,2022-01-15,28
Chewy,2022-01-15,59
Fatburger,2022-01-15,35
Janie And Jack,2022-01-15,27
Century Theatres,2022-01-15,22
Air New Zealand,2022-01-16,11
Century Theatres,2022-01-16,14
Champion,2022-01-16,40
Chewy,2022-01-16,67
Fatburger,2022-01-16,37
Janie And Jack,2022-01-16,36
Air New Zealand,2022-01-17,25
Champion,2022-01-17,32
Chewy,2022-01-17,74
Fatburger,2022-01-17,56
Century Theatres,2022-01-17,30
Janie And Jack,2022-01-17,25
Century Theatres,2022-01-18,36
Champion,2022-01-18,13
Chewy,2022-01-18,20
Fatburger,2022-01-18,22
Janie And Jack,2022-01-18,11
Air New Zealand,2022-01-19,24
Century Theatres,2022-01-19,42
Champion,2022-01-19,40
Chewy,2022-01-19,45
Fatburger,2022-01-19,81
Janie And Jack,2022-01-19,45
Air New Zealand,2022-01-20,14
Century Theatres,2022-01-20,24
Champion,2022-01-20,32
Chewy,2022-01-20,63
Fatburger,2022-01-20,23
Janie And Jack,2022-01-20,12
Air New Zealand,2022-01-21,27
Century Theatres,2022-01-21,70
Champion,2022-01-21,51
Chewy,2022-01-21,91
Fatburger,2022-01-21,51
Janie And Jack,2022-01-21,53
Air New Zealand,2022-01-22,19
Century Theatres,2022-01-22,64
Champion,2022-01-22,48
Chewy,2022-01-22,89
Fatburger,2022-01-22,59
Janie And Jack,2022-01-22,25
Air New Zealand,2022-01-23,22
Century Theatres,2022-01-23,12
Champion,2022-01-23,34
Chewy,2022-01-23,62
Fatburger,2022-01-23,30
Janie And Jack,2022-01-23,12
Air New Zealand,2022-01-24,1
Century Theatres,2022-01-24,32
Champion,2022-01-24,8
Chewy,2022-01-24,52
Fatburger,2022-01-24,43
Janie And Jack,2022-01-24,19
Air New Zealand,2022-01-25,35
Century Theatres,2022-01-25,22
Champion,2022-01-25,22
Chewy,2022-01-25,51
Fatburger,2022-01-25,28
Janie And Jack,2022-01-25,36
Air New Zealand,2022-01-26,25
Chewy,2022-01-26,48
Century Theatres,2022-01-26,16
Fatburger,2022-01-26,49
Champion,2022-01-26,40
Janie And Jack,2022-01-26,43
Air New Zealand,2022-01-27,10
Century Theatres,2022-01-27,32
Champion,2022-01-27,23
Chewy,2022-01-27,72
Fatburger,2022-01-27,73
Janie And Jack,2022-01-27,44
Air New Zealand,2022-01-28,30
Century Theatres,2022-01-28,48
Champion,2022-01-28,42
Chewy,2022-01-28,81
Fatburger,2022-01-28,63
Janie And Jack,2022-01-28,56
Air New Zealand,2022-01-29,3
Century Theatres,2022-01-29,14
Champion,2022-01-29,21
Chewy,2022-01-29,58
Fatburger,2022-01-29,37
Janie And Jack,2022-01-29,33
Air New Zealand,2022-01-30,52
Century Theatres,2022-01-30,18
Champion,2022-01-30,63
Chewy,2022-01-30,56
Fatburger,2022-01-30,33
Janie And Jack,2022-01-30,54
Air New Zealand,2022-01-31,32
Century Theatres,2022-01-31,9
Champion,2022-01-31,30
Chewy,2022-01-31,49
Fatburger,2022-01-31,14
Janie And Jack,2022-01-31,23
Champion,2022-02-01,3
Chewy,2022-02-01,3
Fatburger,2022-02-01,33
Janie And Jack,2022-02-01,7
Air New Zealand,2022-02-02,4
Century Theatres,2022-02-02,4
Champion,2022-02-02,21
Chewy,2022-02-02,41
Fatburger,2022-02-02,10
Janie And Jack,2022-02-02,9
Air New Zealand,2022-02-03,38
Century Theatres,2022-02-03,4
Champion,2022-02-03,31
Chewy,2022-02-03,1
Fatburger,2022-02-03,51
Janie And Jack,2022-02-03,26
Air New Zealand,2022-02-04,31
Century Theatres,2022-02-04,9
Champion,2022-02-04,30
Chewy,2022-02-04,94
Fatburger,2022-02-04,49
Janie And Jack,2022-02-04,33
Champion,2022-02-05,28
Chewy,2022-02-05,19
Fatburger,2022-02-05,8
Janie And Jack,2022-02-05,18
Air New Zealand,2022-02-06,61
Century Theatres,2022-02-06,5
Champion,2022-02-06,29
Fatburger,2022-02-06,35
Janie And Jack,2022-02-06,28
Chewy,2022-02-06,76
Century Theatres,2022-02-07,6
Air New Zealand,2022-02-07,77
Champion,2022-02-07,21
Chewy,2022-02-07,66
Fatburger,2022-02-07,19
Janie And Jack,2022-02-07,14
Air New Zealand,2022-02-08,74
Century Theatres,2022-02-08,30
Champion,2022-02-08,5
Chewy,2022-02-08,54
Fatburger,2022-02-08,40
Janie And Jack,2022-02-08,9
Air New Zealand,2022-02-09,48
Century Theatres,2022-02-09,8
Champion,2022-02-09,29
Chewy,2022-02-09,40
Fatburger,2022-02-09,28
Janie And Jack,2022-02-09,18
Air New Zealand,2022-02-10,98
Century Theatres,2022-02-10,33
Champion,2022-02-10,38
Chewy,2022-02-10,82
Fatburger,2022-02-10,113
Janie And Jack,2022-02-10,49
Air New Zealand,2022-02-11,78
Century Theatres,2022-02-11,44
Champion,2022-02-11,45
Chewy,2022-02-11,146
Fatburger,2022-02-11,22
Janie And Jack,2022-02-11,48
Air New Zealand,2022-02-12,121
Century Theatres,2022-02-12,48
Champion,2022-02-12,77
Chewy,2022-02-12,156
Fatburger,2022-02-12,185
Janie And Jack,2022-02-12,105
Air New Zealand,2022-02-13,56
Century Theatres,2022-02-13,10
Champion,2022-02-13,28
Chewy,2022-02-13,99
Fatburger,2022-02-13,51
Janie And Jack,2022-02-13,31
Air New Zealand,2022-02-14,62
Century Theatres,2022-02-14,12
Champion,2022-02-14,38
Chewy,2022-02-14,87
Fatburger,2022-02-14,50
Janie And Jack,2022-02-14,22
Air New Zealand,2022-02-15,20
Champion,2022-02-15,6
Chewy,2022-02-15,29
Fatburger,2022-02-15,32
Janie And Jack,2022-02-15,19
Century Theatres,2022-02-15,10
Air New Zealand,2022-02-16,42
Century Theatres,2022-02-16,1
Champion,2022-02-16,37
Chewy,2022-02-16,40
Fatburger,2022-02-16,28
Janie And Jack,2022-02-16,23
Air New Zealand,2022-02-17,36
Century Theatres,2022-02-17,17
Champion,2022-02-17,24
Chewy,2022-02-17,110
Fatburger,2022-02-17,27
Janie And Jack,2022-02-17,26
Air New Zealand,2022-02-18,1
Champion,2022-02-18,6
Janie And Jack,2022-02-18,1
Air New Zealand,2022-02-19,63
Century Theatres,2022-02-19,10
Champion,2022-02-19,27
Chewy,2022-02-19,60
Fatburger,2022-02-19,33
Janie And Jack,2022-02-19,41
Air New Zealand,2022-02-20,48
Century Theatres,2022-02-20,7
Champion,2022-02-20,33
Chewy,2022-02-20,39
Fatburger,2022-02-20,7
Janie And Jack,2022-02-20,10
Air New Zealand,2022-02-21,30
Century Theatres,2022-02-21,12
Champion,2022-02-21,22
Chewy,2022-02-21,70
Fatburger,2022-02-21,29
Janie And Jack,2022-02-21,16
Air New Zealand,2022-02-22,20
Century Theatres,2022-02-22,16
Chewy,2022-02-22,20
Fatburger,2022-02-22,36
Champion,2022-02-22,6
Janie And Jack,2022-02-22,11
Air New Zealand,2022-02-23,282
Century Theatres,2022-02-23,206
Champion,2022-02-23,170
Chewy,2022-02-23,267
Fatburger,2022-02-23,469
Janie And Jack,2022-02-23,423
Air New Zealand,2022-02-24,44
Century Theatres,2022-02-24,32
Champion,2022-02-24,37
Chewy,2022-02-24,50
Fatburger,2022-02-24,55
Janie And Jack,2022-02-24,31
Air New Zealand,2022-02-25,96
Century Theatres,2022-02-25,36
Fatburger,2022-02-25,105
Champion,2022-02-25,30
Janie And Jack,2022-02-25,94
Chewy,2022-02-25,149
Air New Zealand,2022-02-26,131
Century Theatres,2022-02-26,62
Champion,2022-02-26,60
Chewy,2022-02-26,183
Fatburger,2022-02-26,101
Janie And Jack,2022-02-26,88
Air New Zealand,2022-02-27,48
Century Theatres,2022-02-27,20
Chewy,2022-02-27,146
Champion,2022-02-27,54
Fatburger,2022-02-27,50
Janie And Jack,2022-02-27,70
Air New Zealand,2022-02-28,65
Century Theatres,2022-02-28,12
Champion,2022-02-28,33
Chewy,2022-02-28,99
Fatburger,2022-02-28,28
Janie And Jack,2022-02-28,22
Air New Zealand,2022-03-01,20
Century Theatres,2022-03-01,14
Champion,2022-03-01,13
Chewy,2022-03-01,33
Fatburger,2022-03-01,49
Janie And Jack,2022-03-01,20
Century Theatres,2022-03-02,11
Champion,2022-03-02,37
Chewy,2022-03-02,60
Fatburger,2022-03-02,59
Air New Zealand,2022-03-02,35
Janie And Jack,2022-03-02,58
Air New Zealand,2022-03-03,87
Century Theatres,2022-03-03,36
Champion,2022-03-03,63
Chewy,2022-03-03,74
Fatburger,2022-03-03,95
Janie And Jack,2022-03-03,59
Century Theatres,2022-03-04,16
Champion,2022-03-04,34
Chewy,2022-03-04,122
Air New Zealand,2022-03-04,87
Fatburger,2022-03-04,87
Janie And Jack,2022-03-04,57
Air New Zealand,2022-03-05,85
Century Theatres,2022-03-05,5
Champion,2022-03-05,46
Chewy,2022-03-05,87
Fatburger,2022-03-05,85
Janie And Jack,2022-03-05,129
Champion,2022-03-06,32
Chewy,2022-03-06,59
Fatburger,2022-03-06,22
Janie And Jack,2022-03-06,43
Air New Zealand,2022-03-07,113
Century Theatres,2022-03-07,17
Champion,2022-03-07,45
Fatburger,2022-03-07,64
Janie And Jack,2022-03-07,85
Chewy,2022-03-07,115
Air New Zealand,2022-03-08,6
Century Theatres,2022-03-08,20
Champion,2022-03-08,15
Chewy,2022-03-08,52
Fatburger,2022-03-08,30
Janie And Jack,2022-03-08,53
Air New Zealand,2022-03-09,72
Century Theatres,2022-03-09,88
Champion,2022-03-09,41
Chewy,2022-03-09,84
Fatburger,2022-03-09,94
Janie And Jack,2022-03-09,67
Air New Zealand,2022-03-10,161
Century Theatres,2022-03-10,28
Champion,2022-03-10,39
Chewy,2022-03-10,91
Fatburger,2022-03-10,95
Janie And Jack,2022-03-10,63
Air New Zealand,2022-03-11,66
Century Theatres,2022-03-11,36
Champion,2022-03-11,27
Chewy,2022-03-11,103
Fatburger,2022-03-11,40
Janie And Jack,2022-03-11,39
Air New Zealand,2022-03-12,75
Century Theatres,2022-03-12,15
Champion,2022-03-12,19
Chewy,2022-03-12,46
Fatburger,2022-03-12,48
Janie And Jack,2022-03-12,33
Air New Zealand,2022-03-13,64
Century Theatres,2022-03-13,14
Champion,2022-03-13,7
Chewy,2022-03-13,63
Fatburger,2022-03-13,38
Janie And Jack,2022-03-13,19
Air New Zealand,2022-03-14,162
Century Theatres,2022-03-14,20
Champion,2022-03-14,9
Chewy,2022-03-14,92
Fatburger,2022-03-14,56
Janie And Jack,2022-03-14,19
Air New Zealand,2022-03-15,2
Century Theatres,2022-03-15,8
Champion,2022-03-15,9
Chewy,2022-03-15,8
Janie And Jack,2022-03-15,17
Fatburger,2022-03-15,9
Air New Zealand,2022-03-16,111
Century Theatres,2022-03-16,42
Champion,2022-03-16,25
Chewy,2022-03-16,39
Fatburger,2022-03-16,57
Janie And Jack,2022-03-16,36
Champion,2022-03-17,25
Chewy,2022-03-17,14
Fatburger,2022-03-17,35
Janie And Jack,2022-03-17,30
Air New Zealand,2022-03-18,125
Century Theatres,2022-03-18,46
Champion,2022-03-18,23
Chewy,2022-03-18,170
Fatburger,2022-03-18,39
Janie And Jack,2022-03-18,30
Air New Zealand,2022-03-19,64
Century Theatres,2022-03-19,9
Champion,2022-03-19,22
Chewy,2022-03-19,51
Fatburger,2022-03-19,23
Janie And Jack,2022-03-19,41
Air New Zealand,2022-03-20,190
Champion,2022-03-20,24
Chewy,2022-03-20,93
Century Theatres,2022-03-20,14
Fatburger,2022-03-20,30
Janie And Jack,2022-03-20,60
Champion,2022-03-21,5
Chewy,2022-03-21,6
Janie And Jack,2022-03-21,14
Air New Zealand,2022-03-22,2
Century Theatres,2022-03-22,8
Champion,2022-03-22,9
Chewy,2022-03-22,28
Fatburger,2022-03-22,17
Janie And Jack,2022-03-22,12
Air New Zealand,2022-03-23,153
Century Theatres,2022-03-23,30
Champion,2022-03-23,30
Chewy,2022-03-23,23
Fatburger,2022-03-23,33
Janie And Jack,2022-03-23,44
Air New Zealand,2022-03-24,102
Century Theatres,2022-03-24,30
Champion,2022-03-24,20
Chewy,2022-03-24,54
Fatburger,2022-03-24,34
Janie And Jack,2022-03-24,77
Air New Zealand,2022-03-25,78
Champion,2022-03-25,22
Century Theatres,2022-03-25,23
Chewy,2022-03-25,88
Fatburger,2022-03-25,18
Janie And Jack,2022-03-25,35
Air New Zealand,2022-03-26,80
Champion,2022-03-26,19
Century Theatres,2022-03-26,14
Chewy,2022-03-26,44
Fatburger,2022-03-26,24
Janie And Jack,2022-03-26,36
Air New Zealand,2022-03-27,130
Century Theatres,2022-03-27,28
Champion,2022-03-27,26
Chewy,2022-03-27,114
Fatburger,2022-03-27,22
Janie And Jack,2022-03-27,36
Air New Zealand,2022-03-28,122
Century Theatres,2022-03-28,8
Champion,2022-03-28,4
Chewy,2022-03-28,35
Fatburger,2022-03-28,19
Janie And Jack,2022-03-28,14
Century Theatres,2022-03-29,4
Chewy,2022-03-29,17
Fatburger,2022-03-29,5
Century Theatres,2022-03-30,15
Chewy,2022-03-30,31
Fatburger,2022-03-30,18
Janie And Jack,2022-03-30,13
Air New Zealand,2022-03-30,122
Champion,2022-03-30,6
Air New Zealand,2022-03-31,171
Champion,2022-03-31,5
Century Theatres,2022-03-31,28
Chewy,2022-03-31,43
Fatburger,2022-03-31,27
Janie And Jack,2022-03-31,19
Century Theatres,2022-04-01,228
Champion,2022-04-01,43
Chewy,2022-04-01,84
Fatburger,2022-04-01,274
Janie And Jack,2022-04-01,225
Air New Zealand,2022-04-01,106
Air New Zealand,2022-04-02,92
Champion,2022-04-02,5
Chewy,2022-04-02,38
Fatburger,2022-04-02,32
Janie And Jack,2022-04-02,27
Century Theatres,2022-04-02,24
Air New Zealand,2022-04-03,80
Century Theatres,2022-04-03,14
Champion,2022-04-03,6
Chewy,2022-04-03,48
Fatburger,2022-04-03,35
Janie And Jack,2022-04-03,26
Air New Zealand,2022-04-04,59
Century Theatres,2022-04-04,11
Champion,2022-04-04,1
Chewy,2022-04-04,43
Fatburger,2022-04-04,11
Janie And Jack,2022-04-04,5
Century Theatres,2022-04-05,16
Chewy,2022-04-05,16
Fatburger,2022-04-05,9
Janie And Jack,2022-04-05,3
Century Theatres,2022-04-06,27
Air New Zealand,2022-04-06,120
Champion,2022-04-06,3
Chewy,2022-04-06,17
Fatburger,2022-04-06,43
Janie And Jack,2022-04-06,26
Air New Zealand,2022-04-07,150
Century Theatres,2022-04-07,38
Champion,2022-04-07,7
Chewy,2022-04-07,36
Fatburger,2022-04-07,44
Janie And Jack,2022-04-07,20
Air New Zealand,2022-04-08,81
Century Theatres,2022-04-08,48
Champion,2022-04-08,7
Chewy,2022-04-08,75
Fatburger,2022-04-08,74
Janie And Jack,2022-04-08,55
Air New Zealand,2022-04-09,70
Century Theatres,2022-04-09,15
Champion,2022-04-09,3
Chewy,2022-04-09,36
Fatburger,2022-04-09,25
Janie And Jack,2022-04-09,17
Air New Zealand,2022-04-10,191
Century Theatres,2022-04-10,18
Champion,2022-04-10,4
Chewy,2022-04-10,33
Fatburger,2022-04-10,43
Janie And Jack,2022-04-10,17
Air New Zealand,2022-04-11,67
Century Theatres,2022-04-11,18
Champion,2022-04-11,5
Chewy,2022-04-11,51
Fatburger,2022-04-11,32
Janie And Jack,2022-04-11,14
Air New Zealand,2022-04-12,103
Century Theatres,2022-04-12,13
Champion,2022-04-12,2
Chewy,2022-04-12,11
Fatburger,2022-04-12,18
Janie And Jack,2022-04-12,8
Air New Zealand,2022-04-13,98
Century Theatres,2022-04-13,9
Champion,2022-04-13,3
Chewy,2022-04-13,18
Fatburger,2022-04-13,26
Janie And Jack,2022-04-13,7
Air New Zealand,2022-04-14,184
Century Theatres,2022-04-14,37
Champion,2022-04-14,8
Chewy,2022-04-14,35
Fatburger,2022-04-14,67
Janie And Jack,2022-04-14,31
Air New Zealand,2022-04-15,81
Century Theatres,2022-04-15,35
Champion,2022-04-15,7
Chewy,2022-04-15,57
Fatburger,2022-04-15,42
Janie And Jack,2022-04-15,32
Air New Zealand,2022-04-16,120
Century Theatres,2022-04-16,21
Chewy,2022-04-16,39
Champion,2022-04-16,3
Fatburger,2022-04-16,24
Janie And Jack,2022-04-16,15
Air New Zealand,2022-04-17,115
Century Theatres,2022-04-17,29
Champion,2022-04-17,4
Chewy,2022-04-17,58
Fatburger,2022-04-17,39
Janie And Jack,2022-04-17,28
Air New Zealand,2022-04-18,116
Century Theatres,2022-04-18,13
Champion,2022-04-18,2
Chewy,2022-04-18,41
Fatburger,2022-04-18,20
Janie And Jack,2022-04-18,14
Air New Zealand,2022-04-19,3
Century Theatres,2022-04-19,10
Fatburger,2022-04-19,11
Chewy,2022-04-19,16
Janie And Jack,2022-04-19,5
Air New Zealand,2022-04-20,160
Century Theatres,2022-04-20,30
Champion,2022-04-20,5
Chewy,2022-04-20,15
Fatburger,2022-04-20,34
Janie And Jack,2022-04-20,23
Air New Zealand,2022-04-21,123
Century Theatres,2022-04-21,16
Champion,2022-04-21,3
Chewy,2022-04-21,43
Fatburger,2022-04-21,51
Janie And Jack,2022-04-21,22
Air New Zealand,2022-04-22,107
Century Theatres,2022-04-22,27
Champion,2022-04-22,6
Chewy,2022-04-22,62
Fatburger,2022-04-22,46
Janie And Jack,2022-04-22,25
Air New Zealand,2022-04-23,109
Century Theatres,2022-04-23,6
Champion,2022-04-23,2
Chewy,2022-04-23,37
Fatburger,2022-04-23,28
Janie And Jack,2022-04-23,7
Air New Zealand,2022-04-24,117
Century Theatres,2022-04-24,14
Champion,2022-04-24,5
Chewy,2022-04-24,43
Fatburger,2022-04-24,57
Janie And Jack,2022-04-24,12
Air New Zealand,2022-04-25,131
Century Theatres,2022-04-25,16
Champion,2022-04-25,5
Chewy,2022-04-25,37
Fatburger,2022-04-25,34
Janie And Jack,2022-04-25,6
Century Theatres,2022-04-26,6
Champion,2022-04-26,2
Chewy,2022-04-26,16
Fatburger,2022-04-26,7
Air New Zealand,2022-04-27,95
Century Theatres,2022-04-27,15
Champion,2022-04-27,3
Chewy,2022-04-27,14
Fatburger,2022-04-27,32
Janie And Jack,2022-04-27,8
